entity,ids
Fin Field Effect Transistors ( FinFETs ) .,0
( FinFets ) .,0
( FinFETs ) of,0
"( e . g . , FinFETs ) and",0
FinFet,0
( FINFET ) is,0
"( e . g . , a FinFET ) ,",0
"Fin Field Effect Transistor ( FinFET ) ,",0
"FETs ( FinFETs ) ,",0
"( FINFET ) ,",0
Field - Effect Transistors ( FinFETs ) in,0
"( FINFETs ) ,",0
( FET ) ( FinFET ) that,0
FINFETs .,0
FinFET .,0
( FinFETs ) are,0
( Finfets ) .,0
"( for example , FinFET ) .",0
FINFET,0
( FinFET ) were,0
( FinFETs ) may,0
finFET,0
Field - Effect Transistors ( FinFETs ) .,0
Fin Field - Effect Transistor ( FinFET ) ;,0
( Fin FET ) .,0
( FinFETs ) .,0
( FinFETs ) and,0
FinFET is,0
finFETs .,0
( FinFET ) with,0
FETs ( FinFETs ) .,0
"( e . g . , FinFET ) .",0
Effect Transistor ( FinFET ) .,0
"( i . e . , a FinFET ) .",0
fin - Field Effect Transistor ( finFET ) is,0
( FinFETs ) or,0
( FINFETs ) and,0
( FINFET ) .,0
"( FinFETs ) ,",0
"( FinFET ) ,",0
"Fin Field Effect Transistors ( FinFETs ) ,",0
Fin Field - Effect Transistors ( FinFETs ) is,0
"( e . g . , FinFETs ) ,",0
( FinFETs ) is,0
FINFET .,0
( FinFETs ) on,0
Fin Field - Effect Transistors ( FinFETs ) have,0
"( e . g . , FinFETs ) that",0
finFETs,0
Fin Field Effect Transistor ( FinFET ) .,0
Finfet,0
FinFETs .,0
Fin FET,0
FINFETS,0
Field Effect Transistor ( FinFET ) according,0
FinFETS .,0
( FINFET ) can,0
"( e . g . , FinFET ) and",0
Fin Field - Effect Transistors ( FinFETs ) in,0
( FinFETs ) in,0
"Fin Field - Effect Transistors ( FinFETs ) ,",0
Fin FET .,0
Field - Effect Transistors ( FETs ) ( FinFETs ) in,0
( FinFET ) .,0
( Fin FET ) and,0
FINFETs,0
Finfets,0
( FinFETs ) can,0
"( e . g . , FinFETs ) are",0
FinFET,0
Field - Effect Transistors ( FinFETs ) or,0
Fin Field - Effect Transistor ( FinFET ) in,0
Fin Field - Effect Transistor ( FET ) ( FinFET ) that,0
"Fin Field - Effect Transistor ( FinFET ) ,",0
"( e . g . , FinFETs ) can",0
Fin Field Effect Transistor ( FinFET ) is,0
"( e . g . , a FinFET ) .",0
FinFETs,0
"( e . g . , FinFETs ) in",0
FINFet,0
"FinFET ,",0
Fin FETs,0
FinFETS,0
Si,1
( Si ),1
ILDs,2
ILD .,2
ILD,2
Interlayer Dielectric ( ILD ) /,2
"Inter - Layer Dielectric ( ILD ) ,",2
Inter - Layer Dielectrics,2
CMP ( Chemical Mechanical Polishing ) method,3
"( e . g . , CMP ) on",3
Chemical - Mechanical Polishing ( CMP ) may,3
Chemical Mechanical Polish ( CMP ) is,3
( CMP ) at,3
Chemical Mechanical Polish ( CMP ) or,3
"( e . g . , CMP ) can",3
( CMP ) may,3
( CMP ) and,3
( CMP ) are,3
Chemical Mechanical Polishing ( CMP ) is,3
CMP ( Chemical Mechanical Polishing ) .,3
( CMP ) a,3
Chemical - Mechanical Process ( CMP ) to,3
( CMP ) to,3
"( e . g . , CMP ) .",3
CMP is,3
( CMP ) in,3
"( e . g . , CMP ) is",3
Chemical Mechanical Polish ( CMP ) may,3
"( e . g . , CMP ) ,",3
"( CMP ) ,",3
( CMP ) ;,3
( CMP ) on,3
( CMP ) the,3
( CMP ) of,3
CMP,3
( CMP ) that,3
( CMP ) .,3
"Chemical Mechanical Polish ( CMP ) ,",3
CMP ( Chemical Mechanical Polishing ) to,3
( CMP ) as,3
"( e . g . , CMP ) may",3
Chemical Mechanical Polishing ( CMP ) processes,3
"( for example , a CMP ) is",3
CMP ( Chemical Mechanical Polish ) .,3
CMP ( polishing ) of,3
( CMP ) /,3
CMP .,3
CMP to,3
( CMP ) (,3
"( for example , CMP ) is",3
Chemical Mechanical Polish ( CMP ) .,3
Chemical Mechanical Polish ( CMP ) to,3
( CMP ) is,3
"Chemical - Mechanical Polishing ( CMP ) ,",3
Germanium ( Ge ),6
Germanium,6
Germanium ( Ge ) /,6
Ge,6
Germanium ( Ge ) is,6
germanium,6
Germanium ( Ge ) .,6
Germanium ( Ge ) has,6
Germanium .,6
Germanium ( Ge ) based,6
germanium ( Ge ),6
"Germanium ( Ge ) ,",6
"( Germanium ) ,",6
"germanium ,",6
CMOS ( Complementary Metal Oxide Semiconductor ),7
Complementary Metal Oxide Semiconductor,7
( CMOS ) .,7
Complementary Metal - Oxide Semiconductor,7
( CMOS ),7
"CMOS ( Complementary Metal Oxide Semiconductor ) ,",7
Complementary Metal Oxide Semiconductor ( CMOS ) or,7
CMOS ( Complementary Metal Oxide Semiconductor ) based,7
CMOS,7
Metal - Oxide - Semiconductor Field - Effect Transistor ( MOSFET ) is,8
( MOSFETs ) has,8
( MOSFET ) is,8
"Metal - Oxide - Semiconductor Field - Effect Transistor ( MOSFET ) ,",8
MOSFETS,8
( MOSFET ) or,8
( MOSFET ) may,8
MOSFET ( Metal Oxide Semiconductor Field Effect Transistor ) as,8
MOSFET,8
( MOSFET ) which,8
MOSFETs,8
"( e . g . , MOSFETs ) .",8
( MOSFETs ) .,8
( such as a MOSFET ) .,8
( MOSFETs ) and,8
"( e . g . , a MOSFET ) that",8
"( MOSFETs ) ,",8
( MOSFETs ) can,8
MOS FET,8
"( e . g . , MOSFET ) .",8
"( e . g . , a MOSFET ) .",8
"( MOSFET ) ,",8
Metal Oxide Semiconductor Field Effect Transistors ( MOSFETs ) are,8
MOSFET .,8
MOSFETS .,8
( MOSFETs ) is,8
MOSFETs .,8
"( e . g . , MOSFETs ) are",8
Metal Oxide Semiconductor Field Effect Transistor ( MOSFET ) .,8
( MOSFETs ) have,8
( MOSFETs ) include,8
MOSFET ( Metal - Oxide - Semiconductor Field - Effect Transistor ) .,8
Metal - Oxide - Semiconductor Field - Effect Transistor ( MOSFET ) .,8
"Metal Oxide Semiconductor Field Effect Transistor ( MOSFET ) ,",8
Metal - Oxide - Semiconductor Field - Effect Transistor ( MOSFET ) in,8
"( e . g . , a MOSFET ) and",8
( MOSFETs ) because,8
( MOSFET ) .,8
"( e . g . , MOSFET ) is",8
“ MOSFET,8
( NMOS ) or,9
( NMOS ) .,9
NMOS,9
( referred to as an NMOS ) and,9
NMOS .,9
"( NMOS ) ,",9
NMOSs .,9
"( e . g . , three - dimensional NAND ) may",10
3D - NAND,10
3 - D NAND,10
3D NAND,10
"AlGaN ,",12
AlGaN,12
( AlGaN ) .,12
"( AlGaN ) ,",12
Aluminium Gallium Nitride ( AlGaN ) and,12
Aluminum Gallium Nitride,12
Field Effect Transistor ( FET ) having,14
FETs .,14
Field Effect Transistors ( FETs ) .,14
"Field Effect Transistor ( FET ) ,",14
( FET ) ”,14
Field - Effect Transistor ( FET ) to,14
"( FETs ) ,",14
FET,14
( FETs ) .,14
Field Effect Transistor,14
"( FET ) ,",14
( FETs ) have,14
( FETs ) using,14
( FET ) is,14
Field Effect Transistor .,14
( FETs ) are,14
( FET ) .,14
( FETs ) is,14
"( Field Effect Transistor ) ,",14
Field Effect Transistor ( FET ) is,14
( FETs ) that,14
Field Effect Transistor ( FET ) where,14
Field Effect Transistor ( FET ) typically,14
FETs,14
FET .,14
( CESL ) (,15
"( e . g . , CESL ) (",15
"( CESL ) ,",15
( CESL ) .,15
CESL .,15
CESLs,15
CESL,15
Korean Patent Office,18
"Korean Intellectual Property Office ( KIPO ) ,",18
Korean Intellectual Property Office,18
Korean Intellectual Property Office .,18
Gallium Arsenide ( GaAs ) .,20
Gallium Arsenide,20
Gallium Arsenide ( GaAs ) The,20
GaAs,20
"Gallium Arsenide ( GaAs ) ,",20
GaAS,20
Gallium - Arsenide ( GaAs ) .,20
( GaAs ),20
GAA,21
( GAA ) .,21
Gate - All - Around structure,22
( GAA ) structure,22
GAA ( Gate - All - Around ) structure,22
Japanese Patent Applications No .,24
Japan Patent Application No .,24
Japanese Patent Application No .,24
"Celsius ( ° C . ) ,",25
Celsius ( ° C . ) by,25
Celsius ( ° C . ) in,25
Celsius ( C ) to,25
Celsius ( ° C . ) ;,25
Degrees Celsius,25
Celsius ( C ) in,25
"Celsius ( C ) ,",25
Celsius ( ° C . ) for,25
Celsius ( ° C . ) .,25
Celsius ( ° C . ) to,25
Degrees Celsius .,25
Celsius .,25
Celsius ( C ) or,25
( ° C . ) measurement,25
( ° C . ) (,25
Celsius ( C ) with,25
Celsius ( ° C . ) (,25
Celsius ( ° C . ) and,25
( ° C . ) .,25
Celsius ( C ) and,25
Celsius,25
Celsius ( C . ) .,25
Celsius ( C ) .,25
Celsius ( ° C . ) or,25
Mach - Zehnder,26
Mach Zehnder,26
U . S . Patent Applications,28
United States Patent Application .,28
US Patent Application,28
U . S . Patent Application,28
United States Patent Application,28
Wi - Fi ”,29
“ Wi - Fi ”,29
Wi - Fi ( Institute of Electrical and Electronics Engineers ( IEEE ) 802 . 11,29
Wi - Fi®,29
WiFi ( IEEE 802 . 11 ) family,29
IEEE 802 . 11 Wi - Fi interfaces,29
"Wi - Fi ( IEEE 802 . 11 ) ,",29
802 . 11 ( WiFi ) to,29
"( e . g . , IEEE 802 . 11 or WiFi® ) .",29
"( such as WiFi ) ,",29
“ WiFi,29
IEEE 802 . 11 ( WiFi™ ) standards,29
IEEE 802 . 11 WiFi,29
( IEEE ) 802 . 11,29
( WiFi ) .,29
WiFi,29
"( e . g . , IEEE 802 . 11 protocols — sometimes referred to as WiFi® ) ,",29
Wireless Local Area Network ( WLAN ) IEEE 802 . 11,29
WiFi®,29
Wi - Fi IEEE 802 . 11,29
"( e . g . , all via WiFi ) ,",29
( Wi - Fi ) ( Institute of Electrical and Electronics Engineers ( IEEE 802 . 11,29
IEEE 802 . 11,29
IEEE 802 . 11 ( WiFi ) wireless,29
Wi - Fi has,29
( Wi - Fi ) ( Institute of Electrical And Electronics Engineers ( IEEE 802 . 11,29
WiFi ( 802 . 11 ) for,29
802 . 11 WiFi,29
"( for example , WiFi ) .",29
"( e . g . , IEEE 802 . 11 ) ,",29
‘ Wi - Fi®,29
WiFi .,29
WiFi 802 . 11,29
"IEEE802 . 11 ( WiFi ) ,",29
"802 . 11 ( WiFi ) ,",29
"IEEE 802 . 11 ( Wi - Fi ) ,",29
WiFi™,29
Wi - Fi® .,29
"( e . g . , IEEE 802 . 11 protocols — sometimes referred to as Wi - Fi® ) ,",29
Graphic Processing unit ( GPU ) ;,30
"Graphic Processing Unit ( GPU ) ,",30
"( e . g . , GPU ) ,",30
"graphic Processing Unit ( GPU ) ,",30
Graphic Processing Unit ( GPU ) for,30
"( GPU ) ,",30
Graphics Processing Unit ( GPU ) or,30
"Units ( GPUs ) ,",30
"Graphics Processing Unit ( GPU ) ,",30
"( for example , GPU ) ,",30
Graphic Processing Unit ( GPU ) and,30
GPU .,30
GPU ( Graphics Processing Unit ) (,30
"Graphical Processing Unit ( GPU ) ,",30
"( for example , a GPU ) ,",30
GPU,30
"( e . g . , GPU ) which",30
"( 1 , 1 , 1 , 3 , 3 , 3 - hexamethyldisilazane , available from TOKYO OHKA KOGYO CO . , LTD . ) ,",32
"( 1 , 1 , 1 , 3 , 3 , 3 - hexamethyldisilazane , manufactured by TOKYO OHKA KOGYO CO . , LTD . ) ,",32
"( 1 , 1 , 1 , 3 , 3 , 3 - hexamethyldisilazane , available from TOKYO OHKA KOGYO CO . , LTD . ) and",32
"( 1 , 1 , 1 , 3 , 3 , 3 - hexamethyl disilazane , manufactured by TOKYO OHKA KOGYO CO . , LTD . ) ,",32
"( 1 , 1 , 1 , 3 , 3 , 3 - hexamethyldisilazane , manufactured by TOKYO OHKA KOGYO CO . , LTD . ) was",32
( 3D ) display,35
( 3D ) displays,35
"Three - Dimensional Integrated Circuits ( 3DIC ) ,",36
( 3DICs ) and,36
3DIC,36
( 3DIC ) and,36
( 3DIC ) having,36
"( e . g . , 3DIC ) that",36
"( 3D IC ) ,",36
"( e . g . , 3DIC ) .",36
3DIC .,36
( 3DICs ) were,36
"( 3DICs ) ,",36
3DICs,36
Three Dimensional Integrated Circuits ( 3DIC ) ”,36
3DICs .,36
( 3DIC ) may,36
( 3DIC ) .,36
Three - Dimensional Integrated Circuits ( 3DICs ) .,36
"( 3DIC ) ,",36
( 3DICs ) are,36
"( AC - 2 , manufactured by Riken Keiki , Co . , Ltd . ) in",39
"( AC - 2 photoelectron spectrometer manufactured by Riken Keiki , Co . , Ltd . ) in",39
"( AC - 2 , manufactured by Riken Keiki Co . , Ltd . ) under",39
Comparative Example ( Ref ) .,40
"Comparative Example ( Ref ) ,",40
. Net,41
. NET,41
( AFM ) .,42
Atomic Force Microscopy,42
( AFM ) or,42
"Atomic Force Microscopy ( AFM ) ,",42
"Atomic Force Microscope ( AFM ) ,",42
( AFM ) and,42
Atomic Force Microscope ( AFM ) may,42
“ AFM,42
AFM ( Atomic Force Microscopy ) image,42
( AFM ) at,42
Atomic Force Microscopy ( AFM ) and,42
Atomic Force Microscopy .,42
"AFM ( Atomic Force Microscope ) ,",42
( AFM ) for,42
( AFM ) that,42
( AFM ) of,42
( AFM ) may,42
( AFM ) (,42
AFM .,42
AFM,42
( AFM ) in,42
"( AFM ) ,",42
Atomic Force Microscope .,42
“ Battery Management System,43
Battery Management System,43
Internet of Things ( PIOT ) device,44
Internet of Things ( IoT ) network,44
Internet of Things ( IoT ) sensors,44
Internet of Things ( IOT ) device,44
Internet of Things ( TOT ) module,44
Internet of Things ( IoT ) technology,44
Internet of Things,44
Internet of Things ( IoT ) system,44
Internet of Things ( IoT ) enabled,44
“ Internet of Things ” ( IoT ) .,44
"Internet of Things ,",44
"Internet of things ( IoT ) ,",44
Internet - of - Things ( IoT ) and,44
Internet of things ( IoT ) technology,44
Internet of Things ( IoT ) .,44
Internet of Things ( IoT ) applications,44
IoT,44
Internet of Things ( IoT ) and,44
IoT ( Internet of Things ) technologies,44
"( IoT ) ,",44
IoT ( Internet of Things ) function,44
IoT ( Internet of Things ) device,44
Internet of Things .,44
Internet of Things ( IOT ) devices,44
Internet of Things ( IoT ) devices,44
Internet of Things ( IOT ) .,44
"Internet of Things ( IOT ) ,",44
Internets of Things ( IoT ) .,44
Internet of Things ( IoT ) is,44
IoT ( Internet of Things ) devices,44
Internet - of - Things ( IoT ) .,44
Internet of Things ( IoT ) device,44
"Internet of Things ( IoT ) ,",44
Qi®,45
“ Qi ”,45
Qi,45
“ Qi,45
“ Raspberry Pi,46
Raspberry Pi 2,46
Raspberry Pi®,46
Rasberry Pi,46
Raspberry Pi,46
“ Self - Aligned ”,47
Self - Aligned,47
Sonos® Controller,48
“ Sonos® Controller,48
“ Sonos Controller,48
"( all manufactured by ADEKA CORPORATION ) ,",49
” ( all manufactured by ADEKA CORPORATION ) .,49
"( manufactured by ADEKA CORPORATION ) ,",49
( “ Irgacure 379EG ” available from BASF ) were,52
"( “ Irgacure 379EG ” available from BASF ) ,",52
( available from Sigma - Aldrich ) .,55
( available from Sigma - Aldrich ) to,55
"( available from Sigma - Aldrich ) ,",55
( available from Aldrich ) were,55
( available from Aldrich ) as,55
"( available from Aldrich ) ,",55
( available from Sigma - Aldrich ) was,55
"( manufactured by Tokyo Chemical Industry Co . , Ltd . ) were",56
"( available from Tokyo Chemical Industry Co . , Ltd . ) and",56
"( manufactured by Tokyo Chemical Industry Co . , Ltd . ) :",56
"( manufactured by Tokyo Chemical Industry Co . , Ltd . ) or",56
"( available from Tokyo Chemical Industry Co . , Ltd . ) .",56
"( manufactured by Tokyo Chemical Industry Co . , Ltd . ) (",56
"( from Tokyo Chemical Industry Co . , Ltd . ) ,",56
"( manufactured by Tokyo Chemical Industry Co . , Ltd . ) in",56
"( commercially available from Tokyo Chemical Industry Co . , Ltd . ) was",56
"( available from Tokyo Chemical Industry Co . , Ltd . ) ,",56
"( manufactured by Tokyo Chemical Industry Co . , Ltd . ) ,",56
"( available from Tokyo Chemical Industry Co . , Ltd . ) was",56
"( from Tokyo Chemical Industry Co . , Ltd . ) and",56
"( manufactured by Tokyo Chemical Industry Co . , Ltd . ) was",56
"( manufactured by Tokyo Chemical Industry Co . , Ltd . ) under",56
"( from Tokyo Chemical Industry Co . , Ltd . ) were",56
"( available from Tokyo Chemical Industry Co . , Ltd . ) with",56
"( available from Kanto Chemical Co . , Inc . ) ,",57
"( available from Kanto Chemical Co . , Inc . ) and",57
"( available from Kanto Chemical Co . , Inc . ) was",57
"( available from Kanto Chemical Co . , Inc . ) were",57
"( available from Dow Corning ) ,",58
( available from Dow Corning ) .,58
"( available from Yein Tech . , Korea ) .",60
"( available from Yein Tech . , Korea ) ,",60
( B - CF ) which,61
( B - CF ) .,61
"( Ba content : 8 % , Wako 021 - 09471 , manufactured by Wako Chemical , Ltd . ) were",62
"( Ba content : 8 % , Wako 021 - 09471 , available from Wako Chemical , Ltd . ) were",62
"( Ba content : 8 % by weight , Wako 021 - 09471 , manufactured by Wako Chemical , Ltd . ) were",62
"( BANI - M , manufactured by Maruzen Petrochemical Co . , Ltd . ) ,",63
"( BANI - M , alkenyl group equivalent : 286 g / eq , manufactured by Maruzen Petrochemical Co . , Ltd . ) to",63
"( BANI - M , manufactured by Maruzen Petrochemical Co . , Ltd . ) was",63
"( BANI - M , alkenyl group equivalent : 286 g / eq , manufactured by Maruzen Petrochemical Co . , Ltd . ) ,",63
"( Mylar® ) ,",65
"( boPET or Mylar® ) ,",65
Mylar®,65
Mylar® .,65
Mylar,65
"( e . g . , Mylar ) ,",65
Mylar .,65
( Boro - Phospho Silicate Glass ) film,66
( Boron Phosphorus Silicon Glass ) film,66
( Borophosphsilicate Glass ) film,66
( CD - ROM ) and,70
"( CD - ROM ) , CD",70
"Compact Disc Read - only Memory ( CD - ROMs ) ,",70
( CD - ROMs ) or,70
"( CD - R ) , Compact Disk",70
"( CD - ROMs ) ,",70
"( CD ROM ) ,",70
"( CD - ROM ) ,",70
"Only Memory ( CD - ROMs ) ,",70
( CD - ROM ) or,70
"CD - ROMs ( Compact Disc - Read Only Memories ) ,",70
"( CD - ROM ) , Compact Disk",70
( CD ) ROM,70
"( CD - ROMs ) , CD",70
( CD - ROM ) drive,70
( CD - ROM ) disks,70
"( CD - R ) ,",70
"( CD - R Drive ) , CD",70
( CD - ROM ) .,70
CD - ROMs,70
"( BeiDou ) ,",72
"( Beidou ) ,",72
"( CFT - 200R , COVOTECH Co . , Ltd . ) ,",73
"( CFT - 200R , Covotech Co . , Ltd . ) ,",73
"( CH3 ) 2 ] 3H , abbreviation : 3DMAS gas",75
3DMAS,75
"( CH3 ) 2 ] 3H , abbreviated as 3DMAS gas",75
"( CH3 ) 2 ] 4 , abbreviated as TDMAT gas",77
tdmat,77
TDMAT .,77
"( DMA ) ,",78
( DMA ) was,78
( DMA ) on,78
( DMA ) .,78
DMAs,78
DMA,78
DMA .,78
"( CH3 ) 2NH , abbreviated as DMA gas",78
( DMA ) of,78
( CIC ) filter,80
( CIC ) filters,80
( CKE ) signals,81
( CKE ) signal,81
"( CS - 1000 manufactured by Konica Minolta , Inc . ) .",82
"( CS - 1000 , manufactured by Konica Minolta Holdings , Inc . ) .",82
"( CS - 1000 , manufactured by KONICA MINOLTA , INC . ) .",82
"( CY 179 , Ciba - Geigy Co . , Ltd . ) ,",83
"( CY - 179 , Ciba Chemical ) ,",83
"CPU ( Central Processing Unit ) ,",84
CPU,84
"Central Processing Unit ( CPU ) ,",84
Central Processing Units ( CPUs ) and,84
Units ( CPUs ) ;,84
Central Processing Unit ( CPU ) or,84
CPU ( Central Processing Unit ) that,84
CPU ( Central Processing Unit ) and,84
Central Processing Unit ( CPU ) .,84
( Central Processing Unit ) .,84
CPU ( Central Processing Unit ) or,84
"Units ( CPUs ) ,",84
( Central Processing Unit ) and,84
"( Central Processing Unit ) ,",84
"( Central Processing Units ) ,",84
CPU ( Central Processing Unit ) in,84
Central Processing Unit ( CPU ) and,84
CPU ( Central Processing Unit ) (,84
CPU ( Central Processing Unit ) to,84
CPU ( Central Processing Unit ) .,84
"Central Processing Units ( CPUs ) ,",84
PMOS .,89
"( PMOS ) ,",89
( PMOS ) .,89
PMOS,89
"( e . g . , PMOS ) and",89
SBD .,93
SBD ( Schottky Barrier Diode ) which,93
Schottky Barrier Diodes,93
"SBD ( Schottky Barrier Diode ) ,",93
"( SBD ) ,",93
SBD,93
( SBD ) .,93
( SBD ) as,93
USB .,97
( USB ) and,97
"( e . g . , Universal Serial Bus or USB ) ;",97
"( USB ) ,",97
USB,97
Universal Serial Bus ( USB ) is,97
( USB ) is,97
"Universal Serial Bus ( USB ) ,",97
USB ( Universal Serial Bus ) or,97
( USB ) or,97
Universal Serial Bus ( USB ) and,97
( USB ) .,97
Universal Serial Bus ( USB ) .,97
USB ( Universal Serial Bus ) was,97
"( e . g . , USB ) ,",97
( USB ) has,97
USB®,97
USB ( Universal Serial Bus ) .,97
Universal Serial Bus ( USB ),97
Universal Serial Bus ( USB ) or,97
USB ( universal Serial Bus ) connector,98
Universal Serial Bus™ ( USB ) connector,98
Universal Serial Bus ( “ USB ” ) connector,98
Universal Serial Bus ( USB ) connector,98
( USB ) connector,98
USB 3 . 0 .,99
USB3 . 0,99
USB 3 . 0,99
USB 3 . 1 ( or USB 3 . 0 ) standard,99
USB3 .,99
( USB ) 3,99
USB3,99
USB 3,99
USB 3 . 0 Specification,99
USB 3 .,99
USB 2 . 0 A Type,100
USB2,100
USB 2 . 0,100
USB 2 . 0 A,100
USB 2,100
USB 2 .,100
"Universal Serial Bus ( USB ) , USB2",100
"( e . g . , USB 2 . 0 ) .",100
USB TYPE - A 2,100
USB2 .,100
USB2 . 0,100
standard USB 2 . 0,100
USB 2 . 0 .,100
USB 2 . 0 Standard,100
Micro - USB Type,101
MICRO USB,101
Micro USB,101
MicroUSB,101
Micro USB .,101
Universal Serial Bus ( USB ) Type - C ( USB - C ) connector,102
USB - C connector,102
USB - C connectors,102
Universal Serial Bus ( USB ) Type - C connector,102
USB Type - C connector,102
USB ( Universal Serial Bus ) Type - C connectors,102
C ( USB - C ) connector,102
USB Type - C connectors,102
IGBTs,105
IGBT ( Insulated Gate Bipolar Transistor ) and,105
( IGBTs ) or,105
( IGBT ) having,105
"( e . g . , IGBTs ) so",105
( IGBTs ) that,105
Insulated Gate Bipolar Transistor,105
IGBTs .,105
Insulated Gate Bipolar Transistor ( IGBT ) may,105
Insulated Gate Bipolar Transistor ( IGBT ) ;,105
( IGBTs ) in,105
( IGBT ) of,105
( IGBT ) by,105
( IGBT ) have,105
( IGBT ) to,105
"IGBT ( Insulated Gate Bipolar Transistor ) ,",105
IGBT ( Insulated Gate Bipolar Transistor ) having,105
Insulated Gate Bipolar Transistor ( IGBT ) or,105
( IGBT ) as,105
( IGBT ) in,105
( IGBT ) or,105
"( IGBTs ) ,",105
( IGBT ) with,105
"Insulated Gate Bipolar Transistor ( IGBT ) ,",105
Insulated Gate Bipolar Transistor ( IGBT ) .,105
( IGBTs ) are,105
Insulated Gate Bipolar Transistor ( IGBT ) has,105
( IGBT ) and,105
IGBT ( Insulated Gate Bipolar Transistor ) is,105
( IGBT ) ;,105
( IGBT ) .,105
IGBT ( insulated Gate Bipolar Transistor ) .,105
( IGBT ) which,105
( IGBT ) may,105
( IGBTs ) and,105
"( IGBT ) ,",105
( IGBT ) is,105
( IGBTs ) .,105
( IGBT ) such,105
( IGBT ) are,105
IGBT ( Insulated Gate Bipolar Transistor ) .,105
IGBT,105
IGBT .,105
"Bump Metallurgies ( UBMs ) ,",109
( UBM ),109
( UBM ) on,109
( UBM ) in,109
( UBMs ) are,109
( UBM ) where,109
"( UBM ) ,",109
UBMs .,109
UBMs,109
( UBM ) .,109
"( i . e . , UBMs ) are",109
( UBMs ) .,109
( UBM ) is,109
UBM,109
"( e . g . , UBM ) is",109
UBM .,109
"( UBMs ) ,",109
ASIC ( Application Specific Integrated Circuit ) that,112
"( e . g . , an ASIC ) for",112
ASIC ( Application Specific Integrated Circuit ) .,112
"( e . g . , ASICs ) may",112
"ASIC ( s ) ,",112
ASICs .,112
( ASICs ) .,112
ASICs,112
( ASIC ) or,112
"Integrated Circuits ( ASICs ) ,",112
ASIC,112
( ASIC ) on,112
"Integrated Circuit ( s ) ( ASIC ) ,",112
"( e . g . , ASICs ) that",112
ASIC ( Application Specific Integrated Circuit ) and,112
( ASIC ) and,112
"Integrated Chip ( ASIC ) ,",112
Integrated Circuit ( ASIC ) or,112
"( ASIC ) ,",112
"( e . g . , ASIC ) ,",112
"Integrated Circuitry ( ASICs ) , Field",112
( ASIC ) that,112
"Application - Specific Integrated Circuit ( ASIC ) ,",112
( ASIC ) can,112
Integrated Circuit ( ASIC ) .,112
Integrated Circuits ( ASICs ) .,112
ASIC ( Application Specific Integrated Circuit ) or,112
( ASIC ) for,112
"ASIC ( Application Specific Integrated Circuit ) ,",112
"( e . g . , Application Specific Integrated Circuit , or ASIC ) ,",112
( ASICs ) or,112
( ASICs ) can,112
ASIC ( Application - Specific Integrated Circuit ) .,112
"Application Specific Integrated Circuit ( ASIC ) ,",112
Integrated Circuit ( ASIC ) may,112
Specific Integrated Circuit ( ASIC ) or,112
( ASIC ) is,112
"Specific Integrated Circuits ( ASICs ) ,",112
ASIC ( Application Specific IC ) and,112
( ASIC = Application Specific Integrated Circuit ) .,112
( ASIC ) such,112
Specific Integrated Circuit,112
"Specific Integrated Circuits ( ASICs ) , Field",112
( ASIC ) in,112
( ASIC ) having,112
( ASIC ) may,112
"( e . g . , Application Specific Integrated Circuits or ASICs ) ,",112
"( e . g . , an ASIC ) .",112
ASIC ( Application Specific Integrated Circuit ) which,112
Specific Integrated Circuit ( ASIC ) ;,112
"Integrated Circuits ( ASICs ) , Field",112
ASIC .,112
( ASIC ) ;,112
"Specific Integrated Circuit ( ASIC ) ,",112
"( ASICs ) ,",112
( Application Specific Integrated Circuit ) .,112
"( e . g . , an ASIC ) and",112
Integrated Circuit ( ASIC ) ;,112
ASICS,112
Specific Integrated Circuit ( ASIC ) .,112
Specific Integrated Circuits ( ASICs ) in,112
Integrated Circuits ( ASICs ) with,112
( ASICs ) may,112
( ASICs ) adapted,112
"Integrated Circuit ( ASIC ) ,",112
Specific Integrated Circuits ( ASICs ) such,112
( ASIC ) .,112
Printed Circuit Board ( PCB ) .,113
Printed Circuit Board ( PCB ) in,113
"Print Circuit Board ( PCB ) ,",113
"Printed Circuit Boards ( PCB ) ,",113
PCB,113
PCBs,113
Printed Circuit Board ( PCB ) :,113
"Printed Circuit Boards ( PCBs ) ,",113
PCB ( Printed Circuit Board ) .,113
Printed Circuit Board ( PCB ) is,113
PCB ( Printed - Circuit Board ) .,113
PCB ( Printed Circuit Board ) and,113
"Printed Circuit Board ( PCB ) ,",113
"PCB ( Printed Circuit Board ) ,",113
Printed Circuit Board ( PCB ) and,113
Printed Circuit Board ( PCB ) used,113
Printed Circuit Board ( PCB ) or,113
PCBs .,113
Printed Circuit Board ( PCB ) that,113
Printed Circuit Board ( PCB ) (,113
PCB .,113
Printed Circuit Board ( PCB ) with,113
( PCB ),113
Printed Circuit Board,113
SiO2,117
Silicon - SiO2,117
SiO2 .,117
Silicon Dioxide ( SiO2 ) is,117
"( SiO2 ) ,",117
Silicon Dioxide,117
LDMOS,118
( LDMOS ) is,118
LDMOS .,118
( LDMOS ) .,118
( LDMOS ) with,118
"( LDMOS ) ,",118
LDMOSs,118
"( e . g . , ITO ) .",120
Indium Tin Oxide ( ITO ) or,120
"( e . g . , ITO ) and",120
Indium - Tin Oxide,120
( Indium Tin Oxide ) .,120
"( ITO ) ,",120
"ITO ( Indium Tin Oxide ) ,",120
"( e . g . , ITO ) ,",120
"Indium Tin Oxide ( ITO ) ,",120
ITOs,120
( Indium - Tin - Oxide ) having,120
"( such as ITO ) ,",120
Indium Tin Oxide ( ITO ) .,120
Indium Tin Oxide,120
"( also referred to as ITO ) ,",120
ITO,120
"( Indium Tin Oxide ) ,",120
Indium Tin,120
ITO .,120
( Indium Tin Oxide ) or,120
( Indium Tin Oxide ) and,120
( Atomic Layer Deposition ) process,123
"Deposition ( ALD ) ,",123
"( ALD ) ,",123
Atomic Layer Deposition,123
ALD,123
Deposition ( ALD ) or,123
( ALD ) may,123
( ALD ) .,123
ALD ( Atomic Layer Deposition ) method,123
"Atomic Layer Deposition ( ALD ) ,",123
Deposition ( ALD ) .,123
( Atomic Layer Deposition ) method,123
"( Atomic Layer Deposition ) ,",123
( Atomic Layer Deposition ) or,123
Atomic Layer Deposition ( ALD ) process,123
ALD .,123
( IMDs ) .,124
"( IMDs ) ,",124
Inter - Metal Dielectric ( IMD ) or,124
( IMD ) .,124
( IMDs ) may,124
IMD,124
Dielectric ( IMD ) .,124
"( e . g . , IMD ) may",124
( IMDs ) can,124
"Dielectrics ( IMDs ) ,",124
IMDs,124
IMD .,124
Inter - Metal Dielectrics ( IMD ) and,124
( IMDs ) for,124
"( IMD ) ,",124
"Through Silicon Vias ( TSVs ) ,",127
Vias ( TSV ) that,127
TSVs .,127
TSV .,127
( Through Silicon Via ) for,127
Through - Silicon Via,127
TSV,127
Vias ( TSVs ) allow,127
TSVs,127
( RIE ) at,128
"( e . g . , RIE ) ,",128
( RIE ) may,128
"( e . g . , RIE ) or",128
( RIE ) .,128
"Reactive Ion Etching ( RIE ) ,",128
( RIE ) in,128
Reactive Ion Etching ( RIE ) etc,128
( such as RIE ) is,128
Ion Etch ( RIE ) is,128
RIE ( Reactive Ion Etching ) is,128
"( e . g . , RIE ) with",128
"( RIE ) ,",128
"( e . g . , RIE ) .",128
( RIE ) and,128
( RIE ) is,128
( RIE ) into,128
"( e . g . , an RIE ) is",128
"RIE ( Reactive Ion Etching ) ,",128
Ion Etch ( RIE ) .,128
"( e . g . , RIE ) and",128
RIE,128
"( e . g . , RIE ) that",128
"( e . g . , RIE ) can",128
RIE .,128
"( e . g . , RIE ) the",128
"( e . g . , RIE ) to",128
( ECU ) such,129
ECU ( Electronic Control Unit ) in,129
( ECU ) is,129
( ECU ) .,129
ECU,129
ECU .,129
( ECU ) via,129
"ECU ( Electronic Control Unit ) ,",129
( ECU ) or,129
ECUs,129
"( hereinafter , referred to as an ECU ) ,",129
( ECU ) that,129
( ECU ) may,129
ECU ( Electronic Control Unit ) .,129
Electronic Control Unit,129
ECUs .,129
( ECU ) for,129
"( ECU ) ,",129
"Electronic Control Unit ( ECU ) ,",129
"( ECUs ) ,",129
( ECU ) in,129
( ECU ) (,129
( ECU ) to,129
ECU ( Electronic Control Unit ) that,129
( ECU ) of,129
Electronic Control Unit ( ECU ) of,129
( ECU ) and,129
Magnetic Tunnel Junction ( MTJ ) which,130
"Magnetic Tunnel Junction ( MTJ ) ,",130
( MTJ ) .,130
"( MTJ ) ,",130
Junction ( MTJ ) and,130
Magnetic Tunnel Junction ( MTJ ) .,130
MTJs,130
MTJ,130
Magnetic Tunnel Junctions ( MTJs ) as,130
Magnetic Tunnel Junction,130
"Magnetic Tunnel Junctions ( MTJs ) ,",130
MTJ ( Magnetic Tunnel Junction ),130
( MTJ ) of,130
Magnetic Tunnel Junction ( MTJ ) in,130
MTJ .,130
NFET .,132
NFETs .,132
NFETs,132
"( e . g . , NFET ) may",132
( NFET ) .,132
"FET ( NFET ) ,",132
( NFET ) and,132
"( NFET ) ,",132
"( e . g . , NFET ) .",132
"( e . g . , NFET ) and",132
"( e . g . , an NFET ) may",132
"( e . g . , NFET ) ,",132
( NFET ) or,132
NFET,132
NFETS,132
( FOUPs ) which,133
( FOUPS ) having,133
FOUPS,133
"( FOUP ) ,",133
FOUP,133
FOUP .,133
( FOUP ) having,133
( FOUP ) is,133
( FOUP ) that,133
( FOUP ) to,133
FOUPs .,133
( FOUP ) and,133
( FOUP ) .,133
( FOUPs ) .,133
( FOUP ) or,133
"( FOUPs ) ,",133
FOUPs,133
( FOUP ) may,133
( FOUP ) can,133
( LCD ) may,139
Liquid Crystal Display ( LCD ) .,139
Liquid Crystal Display ( LCD ) based,139
( LCD ) panel,139
( LCDs ) and,139
TFT - LCD .,139
"LCD ( Liquid Crystal Display ) ,",139
( LCD ) panels,139
( LCD ) in,139
( LCD ) or,139
"( LCD ) ,",139
( LCD ) can,139
( TFT - LCD ) and,139
( TFT - LCD ) is,139
( LCD ) has,139
( LCD ) that,139
( LCD ) device,139
"Liquid Crystal Display ( LCD ) ,",139
( TFT - LCD ) device,139
( LCD ) is,139
"( TFT - LCDs ) ,",139
( TFT - LCD ) panel,139
Liquid Crystal Display,139
( LCD ) are,139
( TFT - LCD ) has,139
( LCD ) devices,139
"( LCDs ) ,",139
"Liquid Crystal Display Device ( LCD ) ,",139
LCDs,139
( LCDs ) typically,139
TFT - LCD,139
Thin Film Transistor Liquid Crystal Display ( TFT - LCD ) has,139
LCD ( Liquid Crystal Display ) display,139
LCD ( Liquid Crystal Display ) or,139
LCDs .,139
( LCDs ) .,139
LCD,139
TFT - LCDs,139
( LCD ) ;,139
Liquid Crystal Display ( LCD ) is,139
Liquid Crystal Display ( LCD ) panel,139
LCD .,139
"( TFT - LCD ) ,",139
( TFT - LCD ) .,139
"Crystal Displays ( LCDs ) ,",139
( LCD ) .,139
( LCD ) will,139
Liquid Crystal,139
( TFT - LCD ) devices,139
( LCD ) which,139
( LCD ) and,139
( LCDs ) to,139
Liquid Crystal Display ( LCD ) device,139
( TFT - LCD ) technology,139
Crystal Display ( LCD ) device,139
( LCD ) as,139
"Crystal Display ( LCD ) ,",139
"( e . g . , UV ) having",140
Ultraviolet,140
UV,140
( UV ) can,140
( UV ),140
ULTRAVIOLET,140
Ultra Violet ( UV ),140
perovskites,142
Perovskite,142
perovskite .,142
perovskite,142
Perovskite .,142
Perovskites,142
RDL .,146
"( e . g . , to the RDL ) ,",146
RDL,146
RDLs,146
Lines ( RDLs ) .,146
Lines ( RDL ) .,146
Lines ( RDLs ) and,146
"( referred to as an NMOSFET ) ,",148
( NMOSFET ) .,148
NMOSFETs,148
( NMOSFET ) will,148
NMOSFET .,148
NMOSFETs .,148
( NMOSFET ) may,148
NMOSFET,148
"( LTE ) , LTE",151
"LTE ( Long Term Evolution ) ,",151
( LTE ) .,151
Evolution ( LTE ) and,151
( LTE ) ;,151
( LTE ) or,151
Term Evolution ( LTE ) and,151
Evolution ( LTE ) .,151
Evolution ( LTE ) or,151
Long - Term Evolution ( LTE ) wireless,151
"Term Evolution ( LTE ) ,",151
Term Evolution ( LTE ) (,151
"Evolution ( LTE ) , LTE",151
Long Term Evolution ( LTE ) or,151
LTE™,151
Long Term Evolution ( LTE ) .,151
LTE ( Long Term Evolution ) and,151
Long Term Evolution,151
"Evolution ( LTE ) ,",151
LTE .,151
"Long - Term Evolution ( LTE ) ,",151
4G LTE,151
LTE,151
( LTE ),151
"( LTE ) ,",151
( LTE ) / LTE,151
Term Evolution ( LTE ) is,151
( TEOS ) to,156
"( TEOS ) ,",156
"TEOS ( Tetraethoxysilane ) ,",156
"TEOS ( tetraethylorthosilicate ) ,",156
( TEOS ) in,156
( TEOS ) .,156
TEOS .,156
TEOS ( Tetraethyl Orthosilicate ) .,156
"TetraEthylOrthoSilicate ( TEOS ) ,",156
TEOS ( tetraethylorthosilicate ) .,156
( TEOS ) with,156
TEOS ( Tetra Ethyl Ortho Silicate ) .,156
( TEOS ) or,156
( TEOS ) is,156
"( e . g . , TEOS ) ,",156
TEOS,156
"TEOS ( Tetraethlyorthosilicate ) ,",156
( TEOS ),156
TEOS ( Tetra - Ethyl - Ortho - Silicate ) .,156
( TEOS ) (,156
DBI,157
“ Direct Bond Interconnect ( DBI® ) ”,157
DBI®,157
BEOL,160
BEOL .,160
Japanese Unexamined Patent Application,162
Japanese Unexamined Patent Publication ( Kokai ) No .,162
Japanese Unexamined Patent,162
Japanese Unexamined Patent Publication ( Kokai ) Nos .,162
( Kokai ) No .,162
( Kokai ) No,162
Japanese Unexamined Patent Publication No .,162
Japanese Unexamined Patent Application No .,162
Japanese Unexamined Patent Publication ( KOKAI ) No .,162
Japanese Unexamined Patent Publication ( KOKAI ) Gazette,162
Hall Effect ( SHE ) around,163
"( SHE ) ,",163
spin - Hall effect,163
Hall Effect .,163
"Spin Hall Effect ( SHE ) ,",163
Spin Hall,163
Spin Hall Effect,163
Spin Hall Effect ( SHE ) to,163
SHE,163
“ Spin Hall Effect,163
Hall Effect,163
Spin Hall Effect ( SHE ) around,163
PFETs,168
"( e . g . , PFET ) may",168
PFET .,168
PFET,168
"( PFET ) ,",168
"( e . g . , PFET ) .",168
( PFET ) can,168
"( e . g . , PFET ) ,",168
MIM ( Metal Insulator Metal ) di,169
( MIM ) .,169
MIM .,169
( MIM ) or,169
MIM,169
"( SRAM ) ,",173
SRAM .,173
Access Memory ( SRAM ) .,173
"RAM ( SRAM ) ,",173
"( e . g . , SRAM ) wherein",173
SRAM,173
"Access Memory ( SRAM ) ,",173
"( e . g . , SRAM ) ,",173
SRAM ( Static Random Access Memory ) .,173
"SRAM ( Static Random Access Memory ) ,",173
Access Memory ( SRAM ) is,173
( SRAM ) .,173
SAW .,174
SAWs,174
SAW,174
ESCs,179
ESC,179
( ESC ) with,179
( ESC ) is,179
( ESC ) that,179
( or called ESC ) on,179
ESC .,179
"( e . g . , an electrostatic chuck or ESC ) .",179
( ESC ) having,179
( ESC ) on,179
( ESC ) in,179
( ESC ) .,179
"( ESC ) ,",179
Gaussian .,180
Gaussian,180
Gaussians,180
( Gaussian ) or,180
Ball Grid Array ( BGA ) (,181
( BGA ) or,181
( BGA ) which,181
Ball Grid Array ( BGA ) .,181
( BGA ) and,181
( BGA ) .,181
Grid Array ( BGA ) as,181
BGA .,181
( BGA ) are,181
"( BGAs ) ,",181
BGA,181
"Ball Grid Array ( BGA ) ,",181
"Ball - Grid - Array ( BGA ) ,",181
"( BGA ) ,",181
"BGA ( Ball Grid Array ) ,",181
( BGA ) in,181
( BGA ) with,181
( BGA ),181
BGAs,181
( BGA ) having,181
( BGA ) (,181
( BGA ) of,181
( JFET ) in,184
( JFET ) .,184
"JFET ( Junction Field Effect Transistor ) ,",184
"( JFET ) ,",184
JFET,184
JFETs,184
( or JFET ) and,184
( JFET ) with,184
( JFET ) is,184
JFET .,184
Controller Unit ( MCU ) .,186
MCU ( Microcontroller Unit ) .,186
( MCU ) in,186
( MCU ) wherein,186
Micro Controller Unit ( MCU ) or,186
"( MCU ) ,",186
"Microcontroller Unit ( MCU ) ,",186
MCU,186
"Control Unit ( MCU ) ,",186
MCU .,186
( ECC ) that,187
ECC,187
"( ECC ) ,",187
( ECC ) for,187
ECC .,187
( ECC ) to,187
( ECC ) .,187
LNAs,188
LNA,188
LNA .,188
CMUT .,189
CMUTs .,189
CMUTs,189
( including a CMUT ) or,189
( CMUTs ) are,189
( CMUT ) .,189
CMUT,189
AMOLEDs,191
AMOLED,191
"( AMOLED ) ,",191
AMOLED .,191
Doherty Amplifier 100,192
Doherty ”,192
Doherty Amplifier,192
Doherty,192
Doherty PA,192
Doherty Power Amplifier ( PA ) for,192
( MISFET ) .,196
MISFETs .,196
( MISFET ) in,196
( MISFET ) and,196
( MISFET ) as,196
"( MISFET ) ,",196
MISFET,196
MISFET .,196
"MISFET ( Metal Insulator Semiconductor Field Effect Transistor ) ,",196
( MISFET ) according,196
( MISFET ) is,196
MISFETs,196
MISFET ( Metal Insulator Semiconductor Field Effect Transistor ) is,196
( ELVDD ) and,197
ELVDD,197
( ELVDD ) .,197
ELVDD .,197
( BMS ) and,199
"Battery Management System ( BMS ) ,",199
BMS,199
BMS ( Battery Management System ) .,199
( BMS ) including,199
( BMS ) .,199
"( BMS ) ,",199
( BMS ) to,199
BMS .,199
"( CDMA ) ,",201
( CDMA ) is,201
"Access ( CDMA ) ,",201
CDMA,201
CDMA .,201
( RFIC ) are,203
( RFIC : Radio Frequency Integrated Circuit ) .,203
"( RFIC : Radio Frequency Integrated Circuit ) ,",203
( RFIC ) includes,203
RFICs,203
( RFIC ) .,203
RFIC,203
( RFIC ) and,203
"( RFIC ) ,",203
( RFIC ) is,203
"( for example , an RFIC ) via",203
RFIC .,203
( RFIC ) having,203
( RFIC ) may,203
"( e . g . , RFIC ) there",203
"( for example , an RFIC ) ,",203
WIMAX ( Worldwide Interoperability for Microwave Access ) protocol,204
"Access ( WIMAX ) ,",204
WiMax®,204
802 . 16 ( WiMAX ) .,204
WiMax,204
WIMAX,204
"( e . g . , WiMAX ) ,",204
( WiMAX ) ( IEEE 802 . 16,204
IEEE 802 . 16,204
WiMax ( IEEE 802 . 16 ) network,204
"Access ( WiMAX ) ,",204
"Microwave Access ( WiMAX ) ,",204
"( WiMAX ) ,",204
"( for instance , WiMAX ) ,",204
Worldwide Interoperability for Microwave Access ( WIMAX ) .,204
Worldwide Interoperability,204
Microwave Access ( WIMAX ) network IEEE 802 . 16,204
WiMAX,204
WIMAX®,204
"( such as WiMax ) ,",204
"( WIMAX ) ,",204
Worldwide Interoperability for Microwave Access ( WiMAX ) network,204
WiMax .,204
"( for instance , WiMax ) ,",204
"802 . 16 ( WiMax ) ,",204
Mobile WiMAX,204
"( WiMax ) ,",204
"Worldwide Interoperability for Microwave Access ( WiMAX ) ,",204
( LCP ) or,206
LCP,206
LCPs,206
LCP .,206
DBR,207
"( DBRs ) ,",207
DBRs,207
DBR .,207
( DBR ) .,207
DBRs .,207
Reflector ( DBR ) .,207
( DBR ) which,207
Distributed Bragg Reflector ( DBR ) (,207
"( DBR ) ,",207
( DBR ) having,207
"Distributed Bragg Reflectors ( DBRs ) ,",207
"Reflector ( DBR ) ,",207
( DBR ) that,207
Distributed Bragg Reflector ( DBR ) do,207
( DBR ) in,207
Distributed Bragg Reflector ( DBR ) and,207
"( FBAR ) ,",209
( FBAR ) or,209
( FBAR ) is,209
FBAR .,209
Film Bulk Acoustic Resonator ( FBAR ) in,209
( FBAR ) The,209
( FBAR ) has,209
( FBARs ) and,209
( FBAR ) Having,209
FBARs,209
Bulk Acoustic Resonators ( FBARs ) in,209
FBAR,209
( FBAR ) o,209
Acoustic Resonator ( FBAR ) is,209
( FBAR ) .,209
Silicon ( Si ) (,210
"( Silicon ) ,",210
Silicon ( Si ),210
Silicon ( Si ) for,210
"Silicon ( Si ) ,",210
Silicon ( Si ) and,210
Silicon ( Si ) is,210
Silicon ( Si ) wa,210
Silicon,210
Silicon ( Si ) .,210
Silicon ( Si ) or,210
Silicon .,210
"( Si ) ,",210
"Silicon ( Si ) , Silicon",210
Silicon ( Si ) based,210
( Si ) .,210
Silicon — Si,210
Silicon ( Si ) such,210
"General Packet Radio Service ( GPRS ) ,",213
"( GPRS ) ,",213
GPRS,213
GPRS ( General Packet Radio Service ) has,213
GPRS .,213
"Silicon ( LTPS ) ,",215
LTPS .,215
Silicon ( LTPS ) or,215
LTPS,215
( CMC ) according,218
( CMC ) ;,218
( CMC ) (,218
( CMC ) as,218
( CMC ) can,218
( CMC ) and,218
CMCs,218
( CMC ) .,218
"Matrix Composite ( CMC ) ,",218
( CMC ) so,218
( CMC ) were,218
( CMC ) is,218
"( CMC ) ,",218
( CMC ) may,218
( CMC ) are,218
CMC,218
( CMC ) or,218
CMC .,218
SAMs .,220
SAM .,220
"( e . g . , the SAM ) .",220
SAMs,220
SAM,220
PCI Express .,225
"( PCIe ) ,",225
Peripheral Component Interconnect ( PCI ) Express ( PCIe ),225
PCIe®,225
PCIe,225
"PCI Express ( PCIe ) ,",225
Peripheral Component Interconnect Express ( PCIe ) or,225
PCI Express,225
Peripheral Component Interconnect ( PCI ) Express ( PCIe ) architecture,225
"Peripheral Component Interconnect Express ( PCIe ) ,",225
PCIe .,225
"( e . g . , PCIe ) and",225
Peripheral Component Interconnect Express ( PCIe ),225
( PWM ),226
PWM,226
PWMs,226
PWM .,226
DUT,231
DUT .,231
( DUT ) in,231
DUTs,231
( DUT ) to,231
( DUT ) .,231
( DUT ) over,231
( DUT ) with,231
DUTs .,231
"( DUT ) ,",231
( DUTs ) .,231
( DUT ) may,231
( or DUTs ) including,231
( DUT ) is,231
( DUT ) and,231
( DUT ) (,231
( DUT ) ;,231
FPCB,232
Flexible Printed Circuit Board ( FPCB ) (,232
FPCB .,232
FPCB ( Flexible Printed Circuit Board ) .,232
Flexible Printed Circuit Board ( FPCB ) .,232
"( e . g . , an FPCB ) .",232
( EBL ) may,234
( EBL ) at,234
( EBL ) for,234
( EBL ) can,234
( EBL ) (,234
( EBL ) is,234
EBL,234
( EBL ) and,234
( EBL ) .,234
( EBL ) to,234
EBLs,234
( EBL ) are,234
( EBL ) +,234
"( EBL ) ,",234
( PLL ) or,238
"( PLL ) ,",238
( PLLs ) are,238
"( PLLs ) ,",238
( PLL ) based,238
( PLL ) is,238
PLL,238
PLL .,238
( PLL ) and,238
( PLL ) for,238
( PLL ) .,238
( PLL ) to,238
PLLs,238
"( PET ) ,",239
PET .,239
PET,239
"( e . g . , YAG ) .",240
"( such as YAG ) ,",240
( YAG ),240
"( e . g . , YAG ) ,",240
YAG .,240
"( YAG ) ,",240
YAG,240
YAG ( Yttrium Aluminum Garnet ) or,240
EHF,242
( EHF ) or,242
HPED,243
HPEDs,243
HPED .,243
( HPED ) in,243
"GST ( Germanium - Antimony - Tellurium ) ,",247
GST .,247
GST,247
DMX,248
"( DMX ) ,",248
"( e . g . , DMX ) .",248
DMX™,248
Joules ( J ) .,249
Joule,249
Joules,249
( Rayleigh ) .,250
Rayleigh,250
PMMA .,252
"( e . g . , PMMA ) that",252
PMMA after,252
MethAcrylate ( PMMA ) .,252
"( e . g . , PMMA ) ,",252
PMMA to,252
PMMA,252
"( e . g . , PMMA ) .",252
IDT .,254
IDT ( Interdigital Transducer ) electro,254
IDTs,254
IDT,254
InterDigital Transducer ( IDT ) electro,254
( IDT ) electro,254
BANDWIDTH,254
IDT ( InterDigital Transducer ) electro,254
Inter Digital Transducer ( IDT ) electro,254
ACC NMOSFET,256
ACC NMOSFETs,256
ACC NMOSFET .,256
( SCR ),258
"Rectifiers ( SCRs ) ,",258
SCR .,258
"Silicon Controlled Rectifier ( SCR ) ,",258
SCRs,258
SCR,258
PFCs,259
( PFC ),259
( PFC ) .,259
( PFC ) so,259
PFC,259
PFC .,259
"( EDGE ) ,",260
EDGE .,260
EDGE,260
GSM Evolution ( EDGE ) .,260
"GSM Evolution ( EDGE ) ,",260
"( e . g . , SiCN ) ,",265
SiCN,265
SiCN .,265
( SiCN ) .,265
"( SiCN ) ,",265
( SiCN ) or,265
( InP ) .,274
InP,274
"( e . g . , InP ) may",274
"( e . g . , InP ) .",274
InP .,274
( InP ) is,274
( InP ),274
( InP ) based,274
"( InP ) ,",274
( NIR ) .,275
NIR .,275
NIR,275
( SSL ) .,276
"( SSL ) ,",276
SSL .,276
SSL,276
LiCoO2,278
LiCoO2 .,278
( NVM ) and,279
NVM .,279
NVM,279
( LGA ) is,280
"( LGA ) ,",280
LGA .,280
( LGA ) of,280
( LGA ) or,280
LGAs,280
( LGA ) with,280
LGA,280
( LGA ) .,280
( BSI ) and,281
BSI,281
( BSI ) .,281
"( BSI ) ,",281
( HKMG ) is,283
HKMGs,283
HKMGs .,283
( HKMGs ) in,283
( HKMG ) and,283
( HKMG ) .,283
( HKMG ) have,283
HKMG,283
( HKMGs ) are,283
HKMG .,283
"( HKMG ) ,",283
( EIL ) to,284
( EIL ) and,284
( EIL ) .,284
"( EIL ) ,",284
EIL,284
( EIL ) that,284
( EIL ) may,284
( EIL ) is,284
"( for example , the electron injection layer EIL ) .",284
EIL .,284
( EIL ) for,284
( EIL ) or,284
"( Polydimethylsiloxane , PDMS ) are",285
PDMS .,285
"( e . g . , PDMS ) .",285
"( e . g . , PDMS ) and",285
PDMS,285
"( e . g . , InGaN ) with",287
InGaN,287
InGaN .,287
CNR,289
CNR .,289
SPAD,290
SPAD .,290
SPADs,290
SGD,291
SGD .,291
Bayer Material Science,292
Bayer Corp .,292
Bayer AG,292
"( Bayer Material Science AG of Leverkusen , Germany ) .",292
Bayer,292
Bayer .,292
"( PIC ) ,",293
Peripheral Interface Controller ( PIC ) or,293
( PIC ) .,293
PIC .,293
PIC,293
BLUETOOTH®,296
"( e . g . , BLUETOOTH ) ,",296
BLUETOOTH .,296
BLUETOOTH® .,296
"( e . g . , BLUETOOTH ) .",296
BLUETOOTH™,296
BLUETOOTH,296
"( AlGaAs ) ,",298
"( e . g . , AlGaAs ) than",298
"Gallium Arsenide ( AlGaAs ) ,",298
Arsenide ( AlGaAs ) .,298
AlGaAs .,298
"( e . g . , AlGaAs ) ,",298
AlGaAs,298
"People ' s Republic of China ( CN ) ,",300
Republic of China,300
China,300
People ' s Republic China,300
China .,300
People ' s Republic of China .,300
People ' s Republic of China,300
The People ' s Republic of China,300
Indium .,301
Indium ( In ) in,301
Indium ( In ) and,301
Indium,301
"Indium ( In ) ,",301
Indium ( In ) or,301
Indium ( In ) ;,301
( CSP ) or,302
"( CSP ) ,",302
CSPs,302
CSP .,302
( CSP ) and,302
( CSP ) light,302
( CSP ) .,302
CSP,302
( XRD ) was,303
( XRD ) and,303
XRD .,303
( XRD ) to,303
XRD,303
( XRD ) wherein,303
( XRD ) will,303
( XRD ) of,303
( XRD ) is,303
XRD ( X - Ray Diffraction ) .,303
"( XRD ) ,",303
( XRD ) s,303
Diffraction ( XRD ) .,303
( XRD ) can,303
( XRD ) shows,303
( XRD ) .,303
( XRD ) in,303
Republic of Korea .,305
Korea,305
South Korea,305
Korean .,305
Korean,305
South Korean,305
Korea .,305
Republic of Korea,305
ELVSS,310
ELVSS .,310
ELVSSL .,310
2DEG,311
2DEG .,311
BLE Bluetooth,312
"Energy ( BLE ) ,",312
"( e . g . , BLE ) .",312
"Bluetooth Low Energy ( BLE ) ,",312
"Energy ( BLE ) , Bluetooth",312
BLE,312
"Bluetooth ( or BLE ) ,",312
"( e . g . , the BLE ) .",312
BT Low Energy ( BLE ) protocol,312
Energy ( BLE ) (,312
Energy ( BLE ) .,312
"( e . g . , the BLE ) ,",312
BLE .,312
( TCP ) .,315
TCP .,315
TCP,315
"Internet Protocol ( TCP / IP ) ,",315
Internet Protocol ( TCP / IP ) and,315
"Internet protocol ( TCP / IP ) ,",315
( TCP ) is,315
TCP / IP,315
Internet Protocol ( TCP / IP ) .,315
( TCP ) or,315
( TCP / IP ) and,315
"( TCP / IP ) ,",315
Transmission Control Protocol ( TCP ) .,315
( TCP ) and,315
( TCP ) etc,315
( TCP ) using,315
"( e . g . , TCP / IP ) and",315
"( e . g . , TCP / IP ) .",315
"( TCP ) ,",315
"( PLC ) ,",316
( PLC ) .,316
PLC,316
PLCs,316
PLC .,316
FWD,318
FWDs,318
FWD ( Free Wheel Diode ) .,318
FWD .,318
( DSA ) of,319
( DSA ) .,319
( DSA ) is,319
"( DSA ) ,",319
DSA,319
( DSA ) could,319
DSA .,319
( DSA ) has,319
BTE,320
BTE .,320
( RSSI ) and,322
( RSSI ) for,322
( RSSI ) is,322
RSSI,322
( RSSI ) at,322
"( RSSI ) ,",322
( RSSI ) .,322
RSSI .,322
( RSSI ) of,322
RSSIs,322
silicon,325
Si ( silicon ) .,325
Si ( silicon ) through,325
Japan .,328
Japan,328
( TDMA ) .,330
TDMA,330
"( TDMA ) ,",330
"Access ( TDMA ) ,",330
TDMA .,330
Power Management Integrated Circuit ( PMIC ) .,332
( PMIC ) .,332
( PMIC ) and,332
PMIC,332
PMICs,332
( PMIC ) that,332
Power Management Integrated Circuit ( PMIC ) (,332
"Power Management Integrated Circuit ( PMIC ) ,",332
PMIC .,332
"( PMIC ) ,",332
Fuel Cell .,333
Fuel Cells,333
Fuel Cell,333
UPS .,334
UPS,334
Flash,335
Flash .,335
Flash®,335
MLC .,337
MLCs,337
"( MLC ) ,",337
MLC,337
( MLC ) .,337
English .,338
English,338
LSPs,339
LSP .,339
"( LSP ) ,",339
LSP,339
DATA,340
( DATA ) or,340
( DATA ) in,340
( DATA ) are,340
( DATA ) as,340
"( DATA ) ,",340
( DATA ) is,340
( DATA ) into,340
( DATA ) to,340
DATA .,340
MOSFET 100,342
( MOSFET 100 ) where,342
MOSFET 100 .,342
GAA FETs,343
GAA FETs .,343
GAA FET .,343
"( GAA FET ) ,",343
GAA FET,343
Hamiltonian .,344
Hamiltonians .,344
Hamiltonian,344
Hamiltonians,344
"Local - Area Network ( LAN ) ,",346
"LAN ( Local Area Network ) ,",346
"( LAN ) ,",346
Local Area Network ( LAN ) or,346
LANs,346
LAN,346
Local Area Network LAN,346
LANs .,346
( LAN ) or,346
"Local Area Networks ( LANs ) ,",346
LAN .,346
"Local Area Network ( LAN ) ,",346
Local Area Network ( LAN ) .,346
Local Area Networks ( LANs ) (,346
"Access ( HSDPA ) ,",347
"( HSDPA ) ,",347
HSDPA,347
Access ( HSDPA ) and,347
OEL .,350
OELs,350
OEL,350
TCO,352
TCO .,352
TCOs,352
JIS,353
JIS .,353
Japanese Industrial Standards ( JIS ) .,353
MCA,354
MCA .,354
MCAs,354
"Micro Channel Architecture ( MCA ) ,",354
BISD,357
"( for example , the BISD ) at",357
BISD .,357
"Tungsten ( W ) ,",358
Tungsten ( W ) may,358
Tungsten that,358
Tungsten ( W ) is,358
Tungsten ( W ) or,358
Tungsten ( W ) .,358
Tungsten,358
Tungsten ( W ) and,358
Tungsten ( W ) can,358
"( e . g . , Tungsten ) in",358
( Tungsten ) or,358
Tungsten .,358
Tungsten ( W ) (,358
( Tungsten ) and,358
SPD .,359
SPD,359
SPDs,359
( SPD ) .,359
( SPD ) system,359
FOIT,362
( FOIT ) may,362
"Ear Canal Microphone ( ECM ) ,",368
ECM .,368
ECMs,368
( ECMP ) where,368
( ECM ) .,368
Canal Microphone ( ECM ) to,368
( ECM ) using,368
"( ECM ) ,",368
( ECM ) is,368
( ECM ) and,368
ECM,368
( ECM ) or,368
Ear Canal Microphone ( ECM ) to,368
ISM .,369
"ISM ( Industrial , Scientific , Medical ) frequency",369
"ISM ( Industrial , Scientific , or Medical ) frequency",369
( ISM ) .,369
ISM,369
Medical ( ISM ) frequency,369
"Industrial , Scientific and Medical ( ISM ) radio",369
"Industrial , Scientific , and Medical ( ISM ) band",369
( such as ISM ) or,369
( CVD ) method,370
( CVD ) methods,370
Deposition ( CVD ) method,370
( NTC ) the,371
NTC .,371
NTC,371
PDL .,372
PDL,372
MIMO .,375
( MIMO ) .,375
MIMO,375
"( MIMO ) ,",375
( DFT ) can,378
"( DFT ) ,",378
( DFT ) of,378
DFTs .,378
( DFT ) on,378
( DFT ) .,378
DFT,378
( DFT ),378
DFT .,378
( DFT ) at,378
DFTs,378
( DFT ) and,378
( DFT ) or,378
( DFT ) using,378
HSUPA +,381
HSUPA,381
"( HSUPA ) ,",381
( implemented with ACC MOSFETs ) has,383
ACC MOSFET,383
ACC MOSFET .,383
ACC MOSFETs,383
"( MCM ) ,",384
Chip Module ( MCM ) of,384
MCM ( Multi Chip Module ) .,384
"( MCMBs ) ,",384
( MCM ) .,384
Multi - Chip Module ( MCM ) and System,384
MCM,384
( MCM ) may,384
"( MCMB ) ,",384
( MCMBs ) and,384
( MCMBs ) were,384
MCM .,384
( MCMs ) .,384
( MCM ) or,384
( CIS ) are,386
( CIS ) and,386
"( CIS ) ,",386
CIS .,386
( CIS ) wa,386
( CIS ) has,386
( CIS ) .,386
( CIS ) may,386
"Camera Image Processor ( CIS ) ,",386
CIS,386
CISs,386
( CIS ) or,386
"( e . g . , SiON ) ,",388
SiON .,388
"( SiON ) ,",388
( SiON ) .,388
SiON,388
BLK,389
BLK .,389
PCI,391
( PCI ) bus,391
( PCI ) card,391
( PCI ) bridge,391
Peripheral Component Interconnect ( PCI ) bus,391
Peripheral Component Interconnection ( PCI ) protocol,391
( PCI ) express,391
PCI®,391
PCI Bus,391
Peripheral Component Interconnect ( PCI ) .,391
( PCI ) protocol,391
Peripheral Component Interface ( PCI ) card,391
( PCI ) Bus,391
Component Interconnects ( PCI ) bus,391
( PCI ) devices,391
( PCI ) or,391
Component Interconnect ( PCI ) express,391
( PCI ) standard,391
Component Interconnect ( PCI ) bus,391
PCI .,391
Peripheral Component Interconnect ( PCI ) architecture,391
Component Interconnect ( PCI ) interface,391
"( PCI ) ,",391
( PCI ) buses,391
RC - IGBT .,393
RC - IGBT ( Reverse Conducting Insulated Gate Bipolar Transistor ) in,393
IGBT ( RC - IGBT ) having,393
RC - IGBTs .,393
RC - IGBTs,393
RC - IGBT,393
( RC - IGBT ) having,393
LDO,394
LDOs,394
LDO .,394
DLC,396
"( e . g . , DLC ) .",396
"Diamond Like Carbon ( DLC ) ,",396
DLC .,396
"Carbon ( DLC ) ,",396
LAMEE .,397
LAMEEs,397
( LAMEE ) arranged,397
LAMEE,397
( LAMEE ) can,397
Energy Exchanger ( LAMEE ) as,397
"( DIW ) ,",398
( DIW ) which,398
DIW .,398
DIW,398
( DIW ) .,398
"( ISO ) ,",401
( ISO ) is,401
ISO .,401
ISO,401
ISO ( International Organization for Standardisation ) and,401
"International Organization for Standardization ( ISO ) ,",401
( IBE ) may,402
( IBE ) in,402
IBE,402
( IBE ) could,402
( IBE ) .,402
IBE .,402
( IBE ) is,402
"( IBE ) ,",402
( IBE ) or,402
( IBE ) and,402
KOH .,403
KOH,403
BARC,404
BARC .,404
BARCs,404
CFL,405
( CFL ) are,405
( CFL ) .,405
( CFL ) and,405
"( CFL ) ,",405
CFLs,405
CFL .,405
Apple iOS,408
iOS™,408
Apple® iOS,408
iOS,408
iOS .,408
iOS®,408
"( e . g . , of the IHS 100 ) ,",409
IHS 100 .,409
"( e . g . , of the IHS 100 ) .",409
IHS 100,409
NICs,410
"( NIC ) ,",410
NIC,410
( NIC ) (,410
( NIC ) to,410
NIC .,410
( NIC ) .,410
( NIC ) having,410
( NIC ) of,410
AIMD .,411
AIMDs .,411
( AIMDs ) .,411
( AIMD ) .,411
AIMDs,411
( AIMD ) and,411
AIMD,411
German,414
Germans,414
German .,414
MCC .,415
Motor Control Center ( MCC ) or,415
MCC,415
Motor Control Center ( MCC ) .,415
Motor Control Center ( MCC ) in,415
"( e . g . , HBM ) and",417
HBM .,417
HBM,417
"( HBM ) ,",417
HBMs,417
( ECR ) to,418
( ECR ) .,418
( ECR ) that,418
ECR,418
"( ECR ) ,",418
( ECR ) etc,418
ECR .,418
ECR ( Electron Cyclotron Resonance ) etc,418
( ECR ) s,418
"( UFS ) ,",419
UFS .,419
UFS,419
( UFS ) or,419
PBS,420
( PBS ) .,420
( PBS ) with,420
PBS .,420
( DMC ) to,421
( DMC ) at,421
DMC .,421
DMC,421
( DMC ) .,421
( DMC ) may,421
( DMC ) (,421
( DMC ) was,421
( DMC ) =,421
( DMC ) :,421
( DMC ) and,421
( DMC ) in,421
"( DMC ) ,",421
( DMC ) were,421
( ESS ) process,422
"( ESS ) ,",422
Energy Storage System ( ESS ) continued,422
"( ESS® ) ,",422
Energy Storage System ( ESS ) for,422
ESS,422
ESSs,422
Energy Storage System ( ESS ) in,422
( ESS ) .,422
Energy Storage Systems ( ESS ) in,422
( ESSs ) include,422
( ESS ) may,422
"( e . g . , of the ROIC ) to",423
ROIC .,423
Integrated Circuit ( ROIC ) for,423
ROICs,423
"( ROIC ) ,",423
ROIC,423
Chip ( FISC ) over,425
FISC .,425
Chip ( FISC ) may,425
FISC,425
Chip ( FISC ) is,425
"( e . g . , VSS ) .",426
VSS .,426
VSS,426
"Indium Arsenide ( InAs ) ,",431
InAs .,431
InAs,431
LBAWs,434
LBAW .,434
LBAWs .,434
LBAW,434
RPCVD,435
"( RPCVD ) ,",435
RPCVD .,435
( DHF ) may,440
DHF .,440
( DHF ) .,440
"( DHF ) ,",440
( DHF ) and,440
"( here , DHF ) ad",440
( DHF ) to,440
DHF,440
( DHF ) ;,440
( DHF ) etc,440
( DHF ) or,440
( DHF ) is,440
( DHF ) (,440
SiOCN,441
SiOCN .,441
"( SiOCN ) ,",441
( LCM ) or,442
LCM,442
LCM .,442
BMCs,444
"Baseband Management Controller ( BMC ) ,",444
BMC .,444
( BMC ) that,444
( BMC ) or,444
"( BMC ) ,",444
BMC,444
"MoCA ( Multimedia over Coax Alliance ) ,",445
MoCA,445
Multimedia over Coax Alliance ( MoCA ) .,445
Complementary Metal - Oxide - Semiconductor ( CMOS ) image,446
( CMOS ) image,446
Complementary Metal Oxide Semiconductor ( CMOS ) image,446
"( IDC ) ,",447
IDCs,447
"International Data Corporation ( IDC ) , Worldwide",447
IDCs .,447
IDC,447
PCIE,448
"Peripheral Component Interconnect Express ( PCIE ) ,",448
Coff,450
( Coff ) .,450
Coff .,450
( Coff ) of,450
( Wheatstone ) bridge,451
Wheatstone,451
Wheatstone Bridge,451
SoundWire,452
SoundWire℠,452
MONOS ( Metal - Oxide - Nitride - Oxide - Semiconductor ) type,453
MONOS,453
TOSAs,455
TOSA .,455
TOSA,455
( OCA ) for,458
OCAs,458
( OCA ) .,458
OCA,458
OCA .,458
"( OCA ) ,",458
EDV,460
Electric Drive Vehicles ( EDVs ) often,460
EDV .,460
HRTF .,462
( HRTF ) ;,462
HRTF,462
SOI FET .,466
SOI FET,466
( EDS ) and,467
"( EDS ) ,",467
Dispersive Spectroscopy ( EDS ) was,467
( EDS ) .,467
( EDS ) of,467
( EDS ) was,467
Dispersive Spectroscopy ( EDS ) system,467
( EDS ) with,467
EDS .,467
Spectroscopy ( EDS ) .,467
( EDS ) (,467
EDS,467
Fowler - Nordheim FN,470
Fowler - Nordheim,470
Fowler - Nordheim ( F - N ) tunnel,470
( Fowler - Nordheim ) tunnel,470
Fowler - Nordheim Tunneling .,470
Fowler - Nordheim Tunneling,470
Fowler - Nordheim ( FN ) tunnel,470
( DAF ) by,471
( DAF ) may,471
DAF ( Die Attach Film ) .,471
( DAF ) and,471
DAFs,471
( DAF ) for,471
( DAF ) is,471
( DAF ) .,471
DAF .,471
( DAF ) in,471
( DAF ) or,471
( DAF ) (,471
( DAF ) used,471
DAFs .,471
DAF,471
"Die Attach Film ( DAF ) ,",471
( DAF ) made,471
"( DAF ) ,",471
"Disks ( DVDs ) ,",472
"( DVD ) , HD - DVD ,",472
Disks ( DVD ) or,472
DVD - RW,472
( DVD - ROM ) .,472
DVDs,472
"DVD - RAM , DVD",472
"DVD - Rs , DVD",472
"Digital Video Disk ( DVD ) ,",472
"DVD ( Digital Video / Versatile Disk ) ,",472
"DVD - R ( DVD Recordable ) ) , DVD - R DL ( DVD - R Dual Layer ) , DVD",472
DVD RAM,472
DVD ROMs,472
"Digital Versatile Disk ( DVD ) ,",472
"DVD ( Digital Versatile Disc ) ,",472
DVD - ROMs,472
"DVD - R ,",472
DVD - ROM drive,472
"DVD - Rs ,",472
Digital Video Disc ( DVD ) .,472
"( DVD - ROM ) ,",472
Disk ( DVD ) player,472
Digital Video Disk ( DVD ) player,472
"DVD - ROM ,",472
"DVD - ROM , DVD - RAM , DVD",472
"( DVD ) ,",472
Disk ( DVD ) or,472
"CD - R , DVD",472
"CD - ROM , DVD - ROM ,",472
Density Digital Versatile Disc ( HD - DVD ) optical,472
"CD - ROM , DVD - ROM or",472
DVD,472
Disks ( DVDs ) .,472
"CD - ROM or DVD - ROM ,",472
DVD - ROM Digital,472
"Disk ( DVD ) ,",472
DVD - ROM disks,472
"CD - ROM , DVD",472
"Digital Versatile Disc ( DVD ) ,",472
"DVD - RAM ,",472
Digital Versatile Disc ( DVD ) and,472
DC - DC converter,473
DC - DC converters,473
Cells ( MBC ) .,474
MBC .,474
Cells ( MBCs ) that,474
MBC,474
"Cell ( MBC ) ,",474
MBCs,474
Cell ( MBC ) ”,474
Cell ( MBC ) memory,474
"( FDA ) ,",476
FDA,476
FDA .,476
PoE,477
Ethernet ( PoE ) technology,477
Ethernet ( PoE ) .,477
PoE .,477
Power over Ethernet ( PoE ) system,477
Ethernet ( PoE ) system,477
IEEE PoE,477
Power over Ethernet ( PoE ) systems,477
PoE 802 . 3,477
Ethernet ( PoE ) with,477
Power over Ethernet ( PoE ) technology,477
"( BMU ) ,",478
BMUs,478
BMU .,478
BMU,478
( GMR ) and,479
GMR,479
Magneto - Resistive ( GMR ) sensing,479
"( GMR ) ,",479
GMR .,479
HJFET,482
HJFETs,482
( HJFET ) devices,482
( DMD ) .,483
DMDs,483
"( DMD ) ,",483
DMD .,483
( DMD ) an,483
( DMD ) to,483
( DMD ) or,483
"( DMDs ) ,",483
( DMDs ) .,483
DMD,483
( DMD ) is,483
DMD ( Digital Micromirror Device ) that,483
"DMD ( Digital Micromirror Device ) ,",483
OES,486
OES ( Optical Emission Spectroscopy ) device,486
OES .,486
( RTA ) .,487
( RTA ) at,487
RTA,487
( RTA ) is,487
IZO,488
IZO .,488
"( IZO ) ,",488
( one example being IZO ) may,488
SATA,490
( SATA ) standard,490
SATA ( Serial Advanced Technology Attachment ) interface,490
Serial ATA ( SATA ) interface,490
"ATA ( SATA ) ,",490
( SATA ) interface,490
SATA .,490
ATA ( SATA ) interfaces,490
Serial - ATA ( SATA ) protocol,490
TMDC,491
TMDCs,491
( TMDCs ) are,491
Applied Materials®,493
"( Applied Materials , Inc . ) for",493
"Applied Materials , Inc",493
Applied Materials Inc .,493
Applied Materials,493
"Applied Materials , Inc .",493
Applied Materials .,493
"( Applied Materials , Inc . ) or",493
( CGL ) has,494
"( CGL ) ,",494
( CGL ) is,494
CGL,494
CGL .,494
( CGL ) :,494
( LiTFSI ) are,495
LiTFSI .,495
LiTFSI,495
"( LiTFSI ) ,",495
International Electrotechnical Commission ( IEC ) .,498
International Electrotechnical Commission ( IEC ) or,498
IEC .,498
IEC,498
"International Electrotechnical Commission ( IEC ) ,",498
International Electrotechnical Commission ( IEC ) and,498
International Electrotechnical Commission ( IEC ) to,498
MESA,502
MESA .,502
MESAs,502
Nafion®,503
"( Nafion , manufactured by du Pont ) was",503
( Nafion ) and,503
Nafion,503
Nafion® .,503
Nafion .,503
IEEE .,504
Institute of Electrical and Electronics Engineers ( IEEE ) .,504
Institute of Electrical and Electronics Engineers ( IEEE ) and,504
"Institute of Electrical and Electronics Engineers ( IEEE ) ,",504
IEEE,504
"Institute of Electrical and Electronic Engineers ( IEEE ) ,",504
( SISIP ) may,506
SISIP .,506
SISIP,506
Interposer ( SISIP ) on,506
Kitchen,507
Kitchen ”,507
“ Kitchen,507
“ Kitchen .,507
Kitchen .,507
ISU,508
ISU .,508
and ISU,508
"Celgard ( Charlotte , N . C . ) .",511
Celgard LLC .,511
"Celgard , LLC .",511
Celgard .,511
Celgard,511
Celgard LLC,511
Celgard #,511
Celgard®,511
"Celgard , LLC ( Charlotte , N . C . ) .",511
FISIP,512
( FISIP ) may,512
FISIP .,512
Interposer ( FISIP ) .,512
( DFF ) .,516
DFF .,516
( DFF ) and,516
DFF,516
Lambertian .,519
Lambertian,519
Majorana,520
Majorana .,520
Majoranas,520
Epitaxy ( MBE ) .,523
MBE,523
( MBE ) .,523
MBE .,523
"Epitaxy ( MBE ) ,",523
"( MBE ) ,",523
( MBE ) is,523
UWB,524
Ultra Wide Band ( UWB ) .,524
"Ultra - Wide - band ( UWB ) ,",524
UWB .,524
Band ( UWB ) .,524
Ultra - WideBand ( UWB ) technology,524
Film ( COF ) of,526
Chip On Flex ( COF ) with,526
COF,526
"Chip On Film ( COF ) ,",526
COF .,526
Google Android,527
Google® Android®,527
Android OS .,527
Android™,527
Android® OS,527
Android OS,527
Android,527
Android®,527
"IP Multimedia Subsystem ( IMS ) ,",528
"( IMS ) ,",528
( IMS ) .,528
IMS,528
Periodic Table of the Elements,530
IUPAC Periodic Table of Elements,530
Periodic Table of Elements .,530
Periodic Table of the Elements .,530
Periodic Table of,530
Periodic Table of Elements,530
Periodic Table,530
Periodic Table .,530
BSG .,531
"( BSG ) ,",531
"Glass ( BSG ) ,",531
( BSG ) layer,531
BSG,531
"Silicate Glass ( BSG ) ,",531
( BSG ) (,531
( BSG ) .,531
SLS,534
SLS .,534
Laser Sintering ( SLS ) or,534
"( for example , TISD ) ,",535
TISD .,535
TISD,535
"( for example , the TISD ) ,",535
SDC .,536
"( SDC ) ,",536
SDC,536
Voice over Internet Protocol ( VoIP ) calls,537
Voice - over Internet Protocol ( VoIP ) call,537
( VoIP ) server,537
VoIP,537
"( e . g . , using one or more protocols such as VoIP ) .",537
Voice Over Internet Protocol ( VoIP ) network,537
( VoIP ) network,537
over - Internet - Protocol ( VoIP ) network,537
Voice over Internet Protocol ( VoIP ) call,537
Voice over Internet Protocol ( VoIP ) communication,537
Voice over Internet Protocol ( VoIP ) service,537
"Voice over IP ( VoIP ) ,",537
"IP ( VoIP ) ,",537
Internet Protocol ( VoIP ) protocols,537
IL3,540
IL3 .,540
"IL3 ( more specifically , the insulating film IL1 ) .",540
( NLU ) is,541
NLU,541
( NLU ) processing,541
Natural Language Understanding ( NLU ) processing,541
( NLU ) to,541
UDP,545
"( UDP ) ,",545
UDP .,545
"User Datagram Protocol ( UDP ) ,",545
User Datagram Protocol ( UDP ) .,545
SITs,546
SIT .,546
SIT,546
"( SIT ) ,",546
PMUT,547
PMUT .,547
PMUTs,547
( PMUTs ) are,547
APD .,548
APD,548
APDs,548
Metal - Insulator - Metal ( MIM ) cap,549
( MIM ) cap,549
"( SiBCN ) ,",550
( SiBCN ) .,550
"( SiBCN ) , Silicon",550
"( e . g . , SiBCN ) to",550
( SiBCN ) or,550
"( e . g . , silicon nitride , SiBCN ) ,",550
SiBCN,550
"( e . g . , SiBCN ) may",550
SiBCN .,550
( SiBCN ) and,550
"( UAV ) ,",551
UAVs,551
UAV,551
"Unmanned Aerial Vehicle ( UAV ) ,",551
USB Type - C interfaces,557
USB Type - C interface,557
Halbach,558
Halbach ”,558
Transistors ( HEMTs ) enables,560
HEMTs,560
Transistor ( HEMT ) .,560
Transistor ( HEMT ) that,560
HEMT,560
"Transistor ( HEMT ) ,",560
"( HEMTs ) ,",560
Transistor ( HEMT ) With,560
MTDATA,561
( abbreviation : MTDATA ) ;,561
"( abbreviation : MTDATA ) ,",561
MTDATA .,561
"( MTDATA ) ,",561
CLC .,566
CLC,566
( CLC ) .,566
( CLC ) and,566
( CLC ) according,566
DIR .,567
( DIR ) for,567
DIR,567
( DIR ) or,567
DIRs,567
( CIP ) (,568
"( CIP ) ,",568
CIP .,568
( CIP ) or,568
( CIP ) .,568
( CIP ) of,568
( CIP ) for,568
( CIP ) to,568
CIP,568
( EMF ) .,569
EMF .,569
( EMFs ) of,569
( EMF ) in,569
( EMF ) that,569
EMF,569
EMFs,569
Ohm,571
"( e . g . , measured in Ohms ) .",571
Ohms .,571
Ohms,571
( Czochralski ) method,573
Czochralski ( CZ ) wa,573
Czochralski ( CZ ) method,573
Czochralski ( CZ ) or,573
CZ ( Czochralski ) method,573
Magnetic Czochralski ( MCZ ) method,573
Czochralski,573
JBS ( junction barrier Schottky ) structure,575
Schottky ( JBS ) structure,575
( JBS ) is,575
JBS,575
( JBS ) .,575
( hereinafter referred to as JBS ) is,575
JBS .,575
APC ( Auto Pressure Controller ) valve,579
APC .,579
APC ( Automatic Pressure Controller ) valve,579
APC ( Auto Pressure Controller ) or,579
APC,579
POE .,580
Ethernet ( POE ) system,580
Ethernet ( POE ) interfaces,580
POE ( Ethernet ) so,580
POE,580
"Silicate Glass ( PSG ) ,",581
PSG,581
PSG .,581
"Glass ( PSG ) ,",581
"( e . g . , PSG ) is",581
SADP,582
( SADP ) .,582
"( SADP ) ,",582
SADP .,582
PCT International Application No .,583
International Application No .,583
Microsoft Windows®,584
Windows®,584
Microsoft® Windows®,584
Windows OS,584
Microsoft Windows™,584
MS Windows,584
Windows,584
Windows™,584
Microsoft Windows,584
Microsoft Windows Operating System,584
( EDX ) using,586
"( EDX ) ,",586
( EDX ) is,586
EDX .,586
EDX,586
( EDX ) .,586
X - Ray Analysis ( EDX ) to,586
( EDX ) or,586
( EDX ) s,586
"CVD ( FCVD ) ,",587
CVD ( FCVD ) or,587
CVD ( FCVD ) (,587
"( FCVD ) ,",587
CVD ( FCVD ) ;,587
FCVD .,587
Flowable CVD ( FCVD ) ;,587
CVD ( FCVD ) .,587
Deposition ( FCVD ) .,587
FCVD,587
( FCVD ) .,587
"( LiFSI ) ,",589
LiFSI,589
LiFSI .,589
World Wide Web,591
Web,591
World Wide Web ( WWW ) .,591
"World Wide Web ( WWW ) ,",591
Worldwide Web,591
World Wide Web .,591
Web .,591
World Wide Web ( WWW ) or,591
Fin Field - Effect Transistor ( FinFET ) devices,595
Fin Field Effect Transistor ( FinFET ) devices,595
transistor ( FinFET ) devices,595
( FinFET ) devices,595
( FinFET ) device,595
Fin Field Effect Transistor ( FinFET ) device,595
Fin Field - Effect Transistor ( FinFET ) device,595
PLPs,596
PLP .,596
PLPs .,596
PLP,596
HDL,598
HDLs,598
"Hardware Description Language ( HDL ) ,",598
Hardware Description Language ( HDL ) and,598
SDB .,603
SDB,603
SDBs,603
( SDB ) and,603
Federal Communications Commission ( FCC ) has,604
"( FCC ) ,",604
"Federal Communications Commission ( FCC ) ,",604
"Federal Communication Commission ( FCC ) ,",604
US FCC,604
Federal Communications Commission ( FCC ) .,604
FCC,604
Federal Communications Commission ( FCC ) in,604
FCC .,604
International Patent,606
Patent Cooperation Treaty ( PCT ) International Patent,606
PCT International Patent,606
( CMA ) is,609
CMA .,609
CMA,609
"( CMA ) ,",609
( CMA ) system,609
( OIS ) to,610
OIS,610
DIN ( Deutsches Institut für Normung ) rail,611
DIN,611
DIN ( Deutsches Institut für Normung e . V . ),611
( DINU ) quality,611
"( LPF ) ,",612
LPF,612
LPFs,612
LPF .,612
TFET .,617
TFETs,617
FETs ( TFETs ) .,617
TFET,617
SOI MOSFET,618
SOI MOSFET .,618
SOI MOSFETs,618
HCL,620
HCL .,620
( crystal particle of LiVOPO4 ) with,621
LiVOPO4 .,621
LiVOPO4,621
( OSFP ) and,622
OSFP,622
OSFP .,622
( GCIB ) to,626
"( GCIB ) ,",626
Gas Cluster Ion Beams ( GCIB ) process,626
Gas Cluster Ion Beam ( GCIB ) process,626
GCIB .,626
( GCIB ) process,626
( GCIB ) or,626
GCIB,626
Beam ( GCIB ) process,626
( GCIB ) .,626
( GeSi ) ”,627
GeSi,627
“ Electrode,628
Electrode,628
“ Electrode ”,628
Electrodes,628
SPM,629
SPM .,629
"Sulfuric Peroxide Mixture ( SPM ) ,",629
( EMI ) shields,630
( EMI ) shield,630
Electro - Magnetic Interference ( EMI ) shield,630
PMOLED,631
PMOLED .,631
( PMOLED ) and,631
ISFET .,632
ISFETs,632
ISFETs .,632
( ISFET ) .,632
ISFET,632
DEMUX,633
DEMUXs,633
( DEMUX ) .,633
"( NVRAM ) ,",634
Access - Memory cells ( NVRAM ) of,634
NVRAM .,634
( NVRAM ) or,634
( NVRAM ) .,634
NVRAM,634
( SerDes ) .,635
SerDes,635
"( SerDes ) ,",635
HBT,636
HBT .,636
HBTs,636
"( RGBW ) ,",637
RGBW,637
"( CIC ) ,",638
( CIC ) and,638
CIC,638
Universal Integrated Circuit Card ( UICC ) .,640
UICC .,640
UICC,640
"CDMA ( WCDMA ) , CDMA",646
CDMA ( WCDMA ) network,646
"( WCDMA ) ,",646
"CDMA ( WCDMA ) ,",646
( WCDMA ) .,646
"Code Division Multiple Access ( WCDMA ) ,",646
WCDMA,646
CDMA ( WCDMA ) and,646
"Access ( WCDMA ) ,",646
Wideband Code Division Multiple Access ( WCDMA ) applications,646
WCDMA .,646
Logic Devices ( PLDs ) used,649
Programmable Logic Devices ( PLDs ) used,649
"Logic Device ( PLD ) ,",649
PLD,649
PLD .,649
"Logic Devices ( PLDs ) ,",649
"Device ( PLD ) ,",649
"Programmable Logic Devices ( PLDs ) ,",649
"Programmable Logic Device ( PLD ) ,",649
( INV ) 50,650
INV,650
802 . 11ac,652
IEEE 802 . 11ac,652
WLAN 802 . 11ac,652
"( for example , 802 . 11ac ) chip",652
IEEE802 . 11ac,652
CESD,654
CESDs,654
( CESD ) according,654
"( CESD ) ,",654
CESD .,654
MCFC .,655
MCFC,655
"( MCFC ) ,",655
MCFCs .,655
( MCFC ) with,655
MCFCs,655
"Molten Carbonate Fuel Cell ( MCFC ) ,",655
MCFC ( s ) may,655
"Internet Service Provider ( ISP ) ,",656
"Internet Service Providers ( ISPs ) ,",656
Internet Service Providers ( ISPs ) .,656
( ISP ) or,656
Internet Service Provider ( ISP ) .,656
ISP .,656
"( ISP ) ,",656
ISP,656
BiCMOS,659
"( BiCMOS ) ,",659
"( e . g . , BiCMOS ) .",659
NPD,660
"( NPD ) ,",660
( hereinafter will be abbreviated as NPD ) was,660
NPD .,660
"( hereinafter , abbreviated as NPD ) was",660
SUS®,662
SUS,662
Stainless ( SUS ) .,662
Steel Use Stainless ( SUS ) or Invar,662
SUS .,662
( EELS ) was,666
( EELS ) to,666
EELS,666
"( EELS ) ,",666
( EELS ) of,666
( EELS ) that,666
( EELS ) s,666
( EELS ) .,666
"( HPLC ) ,",668
HPLC .,668
( HPLC ) was,668
( HPLC ) .,668
( HPLC ) to,668
HPLC,668
Siemens,669
Siemens ( S ) /,669
Keithley Instruments Co .,670
Keithley Instruments,670
Keithley,670
Keithley Instruments Co . Ltd .,670
UMTS,672
( UMTS ) ;,672
Universal Mobile Telecommunication System ( UMTS ) or,672
UMTS ( Universal Mobile Telecommunications System ) .,672
Universal Mobile Telecommunications System ( UMTS ) .,672
"Universal Mobile Telecommunications System ( UMTS ) ,",672
Universal Mobile Telecommunications System ( UMTS ) family,672
Universal Mobile Telecommunications System ( UMTS ) network,672
( UMTS ) protocol,672
Universal Mobile Telecommunications System ( UMTS ) and,672
Universal Mobile Telecommunication System ( UMTS ) .,672
"( UMTS ) ,",672
UMTS .,672
"( MCPCBs ) ,",673
( MCPCB ) or,673
MCPCB,673
MCPCB .,673
MCPCBs,673
"( MCPCB ) ,",673
MCPCB ( Metal Core Printed Circuit Board ) .,673
( MCPCB ) .,673
Verilog™,676
Verilog,676
Verilog .,676
on - Package ( PoP ) technology,678
Package - on - Package ( PoP ) structures,678
( PoP ) process,678
( PoP ) structure,678
PoP,678
( EDMOS ) trans,679
EDMOS,679
Metal Oxide Semiconductor ( EDMOS ) trans,679
FinFET 200,680
FinFET 200 .,680
Building Server 100 .,681
Building Server 100,681
( DNN ) based,682
( DNN ) that,682
"Deep Neural Network ( DNN ) ,",682
"( DNN ) ,",682
DNNs,682
DNN,682
Deep Neural Network ( DNN ) having,682
DNN .,682
( DNN ) according,682
Deposition ( LPCVD ) process,683
CVD ( LPCVD ) process,683
( LPCVD ) process,683
LSM,686
LSM .,686
Manganite ( LSM ) .,686
IL4 .,688
IL4,688
NPA .,694
"( NPA ) ,",694
NPAs .,694
NPAs,694
NPA,694
( SOT - MRAM ) and,697
SOT - MRAM,697
Metal - Oxide - Metal ( MOM ) structure,698
MOM,698
DFE,699
( DFE ) .,699
"( DFE ) ,",699
XML .,701
( XML ) format,701
XML,701
eXtensible Markup Language ( XML ) objects,701
eXtensible Markup Language ( XML ) file,701
"( XML ) ,",701
"Solid State Disk ( SSD ) ,",702
"Solid State Disks ( SSDs ) ,",702
State Drive ( SSD ) .,702
Solid State Drive ( SSD ) .,702
"State Disks ( SSDs ) ,",702
SSD,702
SSD .,702
SSD ( Solid - State Drive ) storage,702
State Disk ( SSD ) equipped,702
"State Drive ( SSD ) ,",702
"Solid State Drive ( SSD ) ,",702
"SSD ( Solid State Drive ) ,",702
"( e . g . , WLAN ) ,",704
"Wireless Local Area Network ( WLAN ) ,",704
IEEE 802 . 11 WLAN,704
( WLAN ),704
"LAN ( WLAN ) ,",704
Wireless Local Area Network ( WLAN ) are,704
WLAN,704
"Wireless Area Networks ( WLAN ) ,",704
Wireless Local Area Network ( WLAN ) ;,704
WLAN IEEE,704
Wireless LAN ( WLAN ) networks,704
Wireless Local Area Network ( WLAN ) and,704
"Wireless LAN ( WLAN ) ,",704
Wireless LAN ( WLAN ) module,704
WLAN .,704
"Neodymium - Iron - Boron ( NdFeB ) ,",705
NdFeB .,705
NdFeB,705
VHP .,706
"( e . g . , by a VHP ) via",706
VHP,706
DGTFTs,708
DGTFT .,708
( DGTFT ) in,708
( for DGTFT ) .,708
DGTFT,708
VTFET .,712
( VTFETs ) having,712
VTFET,712
( VTFET ) having,712
"( VTFET ) ,",712
( VTFET ) with,712
VTFETs,712
Chip On Board ( COB ) technology,715
( COB ),715
COB,715
"( NBL ) ,",717
NBL,717
NBLs,717
NBL .,717
Kevlar ( aramid ) fiber,718
Kevlar,718
Kevlar®,718
"Kevlar® ( from the E . I . du Pont de Nemours and Company of Wilmington , Del . ) .",718
"( Kevlar® , manufactured by Du Pont K . K . )",718
Kevlar .,718
Kevlar® .,718
ANSI .,719
American National Standards Institute ( ANSI ) .,719
American National Standard Institute ( ANSI ) standards,719
American National Standards Institute ( ANSI ) is,719
ANSI,719
American National Standard Institute ( ANSI ) .,719
DCI,722
DCI ( Digital Cinema Initiatives ),722
RSOFC,724
Reversible Solid Oxide Fuel Cell ( RSOFC ) unit,724
Reversible Solid Oxide Fuel Cell ( RSOFC ) system,724
NiSi,725
"( NiSi ) ,",725
NiSi .,725
VLSI Tech .,727
"Integration ( VLSI ) ,",727
( VLSI ) and,727
VLSI Technology,727
VLSI,727
( VLSI ) .,727
"( VLSI ) ,",727
( VLSI ) technology,727
ASTM,728
ASTM International,728
International Association for Testing Materials ( ASTM ) has,728
ASTM Standard,728
BECM .,729
BECM,729
"Battery Energy Control Module ( BECM ) ,",729
Python®,731
"Python ( Python Software Foundation , Beaverton , Oreg . ) .",731
Python® .,731
Python™,731
Python,731
Python .,731
Electrolyte,732
Electrolyte —,732
Electrolytes,732
EMIB,734
EMIB ( Embedded Multi - Die Interconnect Bridge ) suffers,734
EMIB ( Embedded Multi - Die Interconnect Bridge ) and,734
Embedded Multi - Die Interconnect Bridge ( EMIB ) silicon,734
( IMT ) material,735
( IMT ) materials,735
International Mobile Telecommunications - Advanced ( IMT - A ) standard,736
International Mobile Telecommunications Advanced ( IMT - Advanced ) specification,736
"BCB ( BenzoCycloButene ) ,",740
"BenzoCycloButene ( BCB ) ,",740
"BCB ( Benzocyclobutene ) ,",740
BCB .,740
BCB,740
( BCB ),740
LiBOB,741
"( LiBOB ) ,",741
Kovar,745
Kovar ( trademark ) as,745
( Kovar ) and,745
( an alloy such as Kovar ) as,745
"( e . g . , Kovar® ) ,",745
Kovar®,745
Kovar® .,745
Kovar .,745
"( e . g . , Kovar ) ,",745
"( for example , Kovar ) that",745
"( e . g . , Kovar ) .",745
MICRO USB 2,746
MICRO USB 2 . 0,746
MICRO USB 2 .,746
Scanning Electron Microscope ( SEM ) .,749
"Scanning Electron Microscopy ( SEM ) ,",749
Scanning Electron Microscope ( SEM ) The,749
"Scanning Electron Microscope ( SEM ) ,",749
Electron Microscopy ( SEM ) provided,749
SEM ( Scanning Electron Microscope ) .,749
"( SEM ) ,",749
SEM ( Scanning Electron Microscope ) is,749
Electron Microscopy ( SEM ) F,749
SEM,749
Electron Microscopy ( SEM ) and,749
SEM .,749
"Electron Microscopy ( SEM ) ,",749
Scanning Electron Microscope ( SEM ) was,749
Electron Microscopy ( SEM ) .,749
( SEM : Scanning Electron Microscope ) was,749
Scanning Electron Microscopy ( SEM ) and,749
PDU .,751
PDU,751
LC Power Distribution Units ( PDUs ) to,751
"( PCBM ) ,",754
PCBM,754
PCBM .,754
( CMP ) methods,755
( CMP ) method,755
Chemical Mechanical Polishing ( CMP ) method,755
Access Memory ( MRAM ) device,756
( MRAM ) devices,756
( MRAM ) device,756
Personal Digital Assistant ( PDA ) or,757
PDA .,757
Personal Digital Assistant ( PDA ) .,757
PDAs,757
Personal Digital Assistant ( PDA ) and,757
"Personal Digital Assistant ( PDA ) ,",757
"PDA ( Personal Digital Assistant ) ,",757
"( Personal Digital Assistant , PDA ) ,",757
"Personal Digital Assistants ( PDAs ) ,",757
PDA ( Personal Digital Assistant ) ;,757
PDA,757
"PDAs ( Personal Digital Assistants ) ,",757
"Personal Digital Assistants ( PDA ) ,",757
Personal Digital Assistant ( PDA ) device,757
United States Government,760
United States Government .,760
( CMTF ) .,761
CMTFs,761
CMTF,761
( SBC ) (,765
SBC,765
( SBC ) .,765
SBC .,765
SBCs,765
"( SBC ) ,",765
New York City,767
New York .,767
New York City .,767
New York,767
( TMDs ) .,768
TMD,768
( TMD ) may,768
TMDs,768
"( TMDs ) ,",768
Sigma - Aldrich Corporation,773
Sigma - Aldrich Co . LLC,773
"Sigma - Aldrich ( St . Louis , Mo . )",773
( Sigma Aldrich Corporation ) was,773
( Sigma - Aldrich ) .,773
( Aldrich ) in,773
"( Sigma Aldrich Co . , Ltd . ) and",773
( Aldrich ) was,773
( Sigma - Aldrich ) for,773
( Sigma Aldrich Corporation ) were,773
"Sigma - Aldrich ( St . Louis , Mo . ) .",773
Sigma - Aldrich Japan,773
"Aldrich - Sigma , Co",773
"( Sigma Aldrich ) ,",773
( Sigma - Aldrich ) and,773
( Sigma Aldrich Co . Ltd . ) were,773
"Sigma - Aldrich , Inc .",773
"Sigma - Aldrich Co . ( St . Louis , Mo . ) .",773
( Sigma Aldrich ) and,773
( Sigma - Aldrich ) was,773
Aldrich Chemical Company,773
Aldrich,773
Sigma - Aldrich Co .,773
"( Sigma Aldrich , USA ) as",773
Sigma - Aldrich Cat .,773
"Sigma - Aldrich ( St . Louis , Mo . , U . S . A . ) .",773
"Sigma - Aldrich Co . , Ltd .",773
Sigma Aldrich Corporation,773
Sigma - Aldrich Co . Ltd .,773
"( Sigma Aldrich Co . , Ltd . ) were",773
( Aldrich ) to,773
( Sigma - Aldrich ) in,773
"( Sigma - Aldrich , Durapore ) to",773
"Sigma - Aldrich Co . , LLC .",773
( Aldrich ) and,773
( Sigma Aldrich Corporation ) .,773
"Sigma - Aldrich ( St . Louis , Mo . , USA ) .",773
Sigma Aldrich,773
Sigma - Aldrich Co . LLC .,773
Sigma Aldrich .,773
( Sigma - Aldrich ) were,773
( Sigma Aldrich ) in,773
"( Sigma Aldrich Co . Ltd . ) ,",773
Aldrich .,773
Aldrich Co .,773
Aldrich Chemical Company Inc .,773
Sigma - Aldrich,773
"( Sigma Aldrich Co . , Ltd . ) .",773
( Sigma Aldrich Corporation ) to,773
Sigma - Aldrich Inc .,773
( Sigma Aldrich ) was,773
"( Aldrich Co . , Ltd . ) and",773
( Sigma Aldrich Co . Ltd . ) in,773
"( Sigma Aldrich Corporation ) ,",773
Sigma - Aldrich Chemical Company,773
"Aldrich - Sigma , Co .",773
( Sigma Aldrich Corporation ) and,773
Sigma - Aldrich .,773
"( Sigma - Aldrich ) ,",773
( Aldrich ) .,773
( Sigma Aldrich ) .,773
"( Aldrich ) ,",773
( Aldrich ) were,773
Aldrich Chemical Co .,773
SigmaAldrich,773
Sigma - Aldrich Company,773
( Aldrich ) are,773
( Sigma Aldrich ) to,773
( RFID ) tag,776
( RFID ) tags,776
Identification ( RFID ) tag,776
European Union,777
Europe .,777
European Union .,777
Europe,777
San Jose .,778
San Jose,778
San Jose Calif .,778
Surface Mount Technology ( SMT ) and,779
Surface Mount Technology ( SMT ) will,779
Surface Mount Technology ( SMT ) to,779
Mount Technology ( SMT ) during,779
Surface Mount Technology ( SMT ) can,779
SMT .,779
"Surface Mount Technology ( SMT ) ,",779
Surface Mount Technology ( SMT ) system,779
"( SMT , Surface Mounting Technology ) .",779
SMT ( Surface - Mount Technology ) type,779
Surface Mount Technology ( SMT ) .,779
SMT,779
Surface - Mount Technology ( SMT ) used,779
"Wireless Power Consortium ( WPC ) ,",782
Wireless Power Consortium ( WPC ) and,782
( WPC ) system,782
WPC .,782
( WPC ) standard,782
Wireless Power Consortium ( WPC ) standard,782
WPC,782
JavaScript®,783
JavaScript .,783
JavaScript™,783
JavaScript,783
( GEM ) ”,784
GEM,784
iCells,785
iCells .,785
iCell .,785
iCell ( s ) via,785
iCell,785
PGMEA .,786
"( also referred to as PGMEA ) ,",786
PGMEA,786
PCT Patent Application No .,788
International PCT Patent Application No .,788
VHDL,789
VHDL ( Very high speed integrated circuit Hardware Description Language ) .,789
"VHSIC Hardware Description Language ( VHDL ) , Verilog",789
VHDL .,789
Very High Speed Integrated Circuit Hardware Description Language ( VHDL ) or VERILOG .,789
Descriptor Language ( VHDL ) or,789
United States Patent and Trademark Office,791
U . S . Patent and Trademark Office ( USPTO ) on,791
U . S . Patent and Trademark Office,791
USPTO,791
"U . S . Patent and Trademark Office ( USPTO ) ,",791
United States Patent and Trademark Office ( USPTO ) and,791
USPTO .,791
US Patent and Trademark Office,791
TMOs,792
TMO,792
"( TMO ) ,",792
TMO .,792
Wireless Gateway .,793
Wireless Gateway,793
( HDPCVD ) or,794
CVD ( HDPCVD ) or,794
( HDPCVD ) and,794
"Deposition ( HDPCVD ) ,",794
CVD ( HDPCVD ) and,794
HDPCVD .,794
( HDPCVD ) .,794
"CVD ( HDPCVD ) ,",794
"( HDPCVD ) ,",794
Deposition ( HDPCVD ) process,794
HDPCVD,794
EV 102 .,795
EV 102,795
( STEM ) images,796
( STEM ) photographs,796
Transmission Electron Microscope ( STEM ) photographs,796
"( STEM ) ,",796
( STEM ) photograph,796
STEM .,796
STEM ( Scanning Transmission Electron Microscope ) photograph,796
( STEM ) image,796
( STEM ) of,796
Scanning Transmission Electron Microscope ( STEM ) photograph,796
( STEM ) .,796
STEM,796
SiARC,798
SiARC .,798
"( SiARC ) ,",798
( SiARC ) or,798
PCB 300 .,799
PCB 300,799
"Multi - Media Card ( MMC ) ,",800
"MultiMediaCard ( MMC ) ,",800
"Multimedia Card ( MMC ) ,",800
"Card ( MMC ) ,",800
MultiMedia Card ( MMC ) protocol,800
"MultiMedia Card ( MMC ) ,",800
Multi - Media Card ( MMC ) protocol,800
"( MMC ) ,",800
MMC,800
Inorganic Light Emitting Diode ( ILED ) displays,803
ILED,803
( ILED ) is,803
"( ILEDs ) ,",803
"( e . g . , ILED ) in",803
ILEDs,803
UNIX®,804
UNIX,804
UNIX™,804
UNIX Shell,804
( BiCS ) structure,805
Bit Cost Scalable ( BiCS ) architecture,805
Cost Scalable ( BiCS ) architecture,805
( BiCS ) architecture,805
BiCS,805
SNR .,806
"( SNR ) ,",806
Ratio ( SNR ) in,806
Ratio ( SNR ) is,806
Ratio ( SNR ) .,806
SNRs,806
SNR,806
"Ratio ( SNR ) ,",806
"( e . g . , particular SNRs ) ,",806
Rashba - Edelstein Effect,807
Rashba,807
Inverse Rashba - Edelstein Effect ( IREE ) and,807
Rashba - Edelstein ( IREE ) for,807
Rashba - Edelstein,807
Japanese Application JP2017,809
JP2017,809
"( PEMFC ) ,",810
PEMFCs,810
"Fuel Cell ( PEMFC ) ,",810
PEMFC,810
PEMFC .,810
EDLC .,811
( EDLC ) in,811
EDLC,811
"( EDLC ) ,",811
( EDLC ) is,811
( EDLCs ) to,811
( EDLC ) and,811
( EDLC ) .,811
( EDLCs ) or,811
"( e . g . , electric double - layer capacitor , EDLC ) .",811
EDLCs,811
Impedance Matching Network ( IMN ) circuit,812
IMN .,812
IMN,812
IMNs,812
Impedance Matching Network ( IMN ) is,812
( RMG ) processes,814
( RMG ) processing,814
( RMG ) process,814
Electro Magnetic Interference ( EMI ) filter,815
( EMI ) filters,815
( EMI ) filter,815
UFP,818
"( e . g . , UFP ) .",818
( or an UFP ) is,818
( UFP ) by,818
( UFP ) .,818
( UFP ) and,818
"( UFP ) ,",818
"( SiCOH ) ,",819
( SiCOH ) and,819
( SiCOH ) or,819
"( e . g . , SiCOH ) ,",819
SiCOH .,819
SiCOH,819
LIGBT .,822
LIGBT,822
( LIGBT ) structure,822
LIGBTs,822
Apple® iPhone®,824
iPhone® .,824
"( e . g . , iPhones® ) and",824
iPhone .,824
"( e . g . , an iPhone™ available by Apple Inc . ) ,",824
Apple iPhone .,824
iPhones,824
iPhone®,824
iPhone,824
Apple iPhones,824
iPhone™,824
Apple iPhones®,824
"Apple iPhone ( ™ ) ,",824
Apple iPhone,824
U . S . Patent Publication Number,825
U . S . Patent Publication Nos .,825
U . S . Patent Publication No .,825
MacEtch .,829
( MacEtch ) are,829
MacEtch,829
Patent Application JP2016,837
JP2016,837
Japanese Application JP2016,837
GDS,838
GDS .,838
Graphic Database System ( GDS ) file,838
( GDS ) file,838
Graphic Data System ( GDS ) file,838
( GDS ) .,838
Graphic Design System ( GDS ) file,838
INFORMATION,840
INFO,840
German Patent and Trade Mark Office,842
German Patent and Trademark Office,842
German Patent and Trademark Office .,842
EVs .,843
( EVs ) .,843
Electric Vehicles ( EVs ) and,843
EVs,843
"( EVs ) ,",843
IEDM,844
"Electron Devices Meeting ( IEDM ) ,",844
IEEE International Electron Devices Meeting ( IEDM ) (,844
( WPAN ) system,845
"( WPANs ) ,",845
WPAN .,845
Wireless Personal Area Network ( WPAN ) .,845
Wireless Personal Area Network ( WPAN ) applications,845
"802 . 15 ( WPANs ) ,",845
IEEE 802 . 15 WPAN,845
WPAN,845
"( WPAN ) ,",845
( WPAN ) .,845
( WPAN ) standard,845
AWS,849
Amazon Web Services ( AWS ) Simple Storage Service ( S3 ) .,849
( ASIC ) chips,851
Specific Integrated Circuit ( ASIC ) chip,851
Application - Specific Integrated Circuit ( ASIC ) chip,851
( ASIC ) chip,851
IC ( ASIC ) chip,851
GAAFET,853
( GAAFETs ) with,853
GAAFETs .,853
( GAAFET ) .,853
( GAAFETs ) .,853
GAAFETs,853
"( RFCVD ) ,",859
"CVD ( RFCVD ) ,",859
RFCVD,859
FeRAM,861
"( e . g . , FeRAM ) ,",861
( FeRAM ) cell,861
FeRAMs,861
"Memory ( FeRAM ) ,",861
RAM ( FeRAM ) using,861
"( e . g . , in the case of FeRAM ) .",861
ZIGBEE®,863
ZIGBEE,863
ZIGBEE® Alliance,863
Blu - ray disc,865
Blu - ray discs,865
( EDFA ) or,867
( EDFA ) module,867
EDFA .,867
EDFAs,867
( EDFAs ) .,867
"( EDFA ) ,",867
( EDFA ) .,867
EDFA,867
( EDFA ) and,867
"( EDFAs ) ,",867
( EDFA ) 42,867
"Event Data Recorder ( EDR ) ,",868
EDR .,868
( EDR ) where,868
EDR,868
JEDEC,870
JEDEC ( Joint Electronic Device Engineering Council ) on,870
Joint Electronic Device Engineering Council ( JEDEC ) .,870
JEDEC ( Joint Electron Device Engineering Council ) standard,870
( JEDEC ) standard,870
Joint Electron Device Engineering Council ( JEDEC ) standards,870
JEDEC .,870
Joint Electron Device Engineering Council ( JEDEC ) .,870
"Joint Electron Device Engineering Council ( JEDEC ) ,",870
Joint Electron Device Engineering Council ( JEDEC ) as,870
"Joint Electronic Device Engineering Council ( JEDEC ) ,",870
( JEDEC ) .,870
LSCF,871
"Cobalt Iron Oxide ( LSCF ) ,",871
Cadmium Zinc Telluride ( CZT ) tiles,872
CoZrTa ( CZT ) alloy,872
"( CZTS ) ,",872
"CoxZryTaz ( CZT ) ,",872
CZT,872
( RSEG ) in,873
RSEG,873
( RSEG ) .,873
Micro - Electro - Mechanical System ( MEMS ) microphone,875
Micro - Electro - Mechanical Systems ( MEMS ) microphone,875
( MEMS ) microphone,875
Micro Electrical - Mechanical System ( MEMS ) microphone,875
Micro Electro Mechanical System ( MEMS ) microphone,875
Deposition ( PECVD ) process,876
CVD ( PECVD ) process,876
( PECVD ) processes,876
( PECVD ) process,876
"Wako Pure Chemical Industries , Ltd . to",877
"( Wako Pure Chemical Industries , Ltd . ) ,",877
"Wako Pure Chemical Industries , Ltd .",877
"( Wako Pure Chemical Industries , Ltd . ) was",877
"( Wako Pure Chemical Industries , Ltd . ) and",877
"Wako Pure Chemical Industries , Ltd . ,",877
DuPont .,881
DuPont de Nemeours & Co .,881
( DuPont ) at,881
DuPont Corporation,881
DuPont,881
E . I . DuPont de Nemours and Company .,881
DuPont Inc .,881
( DFP ) and,882
"( e . g . , DFP ) and",882
( DFP ) may,882
DFP,882
SiPM,883
SiPMs .,883
( SiPMs ) .,883
SiPMs,883
( SiPM ) .,883
SiPM .,883
"( SiPM ) ,",883
( GPS ) devices,888
( GPS ) device,888
Global Positioning System ( GPS ) device,888
LiBF4,893
"( LiBF4 ) ,",893
LiBF4 .,893
MPEG,894
Moving Picture Experts Group ( MPEG ) are,894
( CMOS ) processes,895
Complementary Metal - Oxide - Semiconductor ( CMOS ) process,895
( CMOS ) process,895
( CMOS ) processing,895
"( Shin - Etsu Chemical Co . , Ltd . ) and",897
"( Shin - Etsu Chemical Co . , Ltd . ) ,",897
"Shin - Etsu Chemical Co . , Ltd .",897
SQL Server,898
( SQL ) structures,898
SQL .,898
"( SQL ) ,",898
SQL,898
( SQL ) or,898
No - SQL,899
NoSQL,899
Ruderman - Kittel - Kasuya - Yosida ( RKKY ) interaction,901
RKKY,901
Ruderman - Kittel - Kasuya - Yosida ( RKKY ) exchange,901
Ruderman - Kittel - Kasuya - Yosida ( RKKY ) coupling,901
RKKY ( Ruderman - Kittel - Kasuya - Yosida ) enabled,901
RKKY ( Ruderman - Kittel - Kasuya - Yosida ) interaction,901
Ruderman - Kittel - Kasuya - Yosida ( RKKY ),901
MagFETs,902
MOSFET ( MagFET ) is,902
MagFET .,902
MagFET,902
SiC MOSFETs,903
SiC MOSFETs .,903
SiC MOSFET .,903
SiC MOSFET,903
( IRPV ) windows,905
( IRPV ) window,905
IRPV,905
Hermite Gaussian,908
Hermite - Gaussian,908
Hermite Gaussian ( HG ) modes,908
Hermit - Gauss,908
Laguerre - Gauss,909
Laguerre Gaussian,909
Laguerre - Gaussian,909
Titanium Sapphire,910
Ti : Sapphire,910
Ti Sapphire,910
State Intellectual Property Office ( SIPO ) of,911
Chinese State Intellectual Property Office,911
State Intellectual Property Office of P . R . China,911
State Intellectual Property Office,911
State Intellectual Property Office of,911
China State Intellectual Property Office,911
State Intellectual Property Office of China,911
State Intellectual Property Office of People ' s Republic of China,911
USB Type - C plug,913
USB Type - C plugs,913
"STMicroeletronics , Inc .",916
"STMicroelectronics , Inc .",916
STMicroelectronics,916
STMicroelectronics .,916
"( Tokyo Chemical Industry Co . , Ltd . ) .",917
Tokyo Chemical Industry Co Ltd,917
"Tokyo Chemical Industry Co . , Ltd .",917
"Tokyo Electron Limited ( TEL ) ,",918
Tokyo Electron Limited,918
"Tokyo Electron , Ltd .",918
Tokyo Electron Limited .,918
"Tokyo Ohka Kogyo America , Inc .",919
"Tokyo Ohka Kogyo Co . , Ltd .",919
"Tokyo Oka Kogyo Co . , Ltd .",919
Tokyo Ohka Kogyo Co .,919
( manufactured by BASF SE ) Sol,921
( product of BASF SE ) was,921
"( all available from BASF Corporation ) ,",921
"( all manufactured by BASF SE ) ,",921
( manufactured by BASF Japan Ltd . ) *,921
( manufactured by BASF ) :,921
"( manufactured by BASF ) , Kayaset",921
( manufactured by BASF ) represented,921
"BASF Co . , Ltd .",922
"( BASF SE ) ,",922
BASF Corporation .,922
"( BASF Corporation ) ,",922
BASF AG,922
BASF Corporation,922
BASF SE,922
( DBR ) layer,923
( DBR ) layers,923
Distributed Bragg Reflector ( DBR ) layer,923
A2DP,929
Advanced Audio Distribution Profile ( A2DP ) to,929
Advanced Audio Distribution Profile ( A2DP ) may,929
"Advanced Audio Distribution Profile ( A2DP ) ,",929
Advanced Audio Distribution Protocol ( A2DP ) .,929
Advanced Audio Distribution Profile ( A2DP ) protocol,929
Color Rendering Index ( CRI ) .,932
( CRI ) as,932
( CRI ) is,932
CRI,932
Index ( CRI ) Ra,932
Color Rendering Index ( CRI ) properties,932
CDMA2000,934
"CDMA ( TD - SCDMA ) , CDMA2000",934
"Access - 2000 ( CDMA2000 ) ,",934
( RISC ) micro,935
Reduced Instruction Set Computer ( RISC ) micro,935
Co3O4 .,936
Co3O4,936
"( Co3O4 , produced by Wako Pure Chemical Industries , Ltd . ) were",936
"( Co3O4 , produced by Wako Pure Chemical Industries , Ltd . ) as",936
Universal Serial Bus ( USB ) port,937
( USB ) ports,937
Universal Serial Bus ( USB ) ports,937
( USB ) port,937
Moore ' s Law,938
Moore ' s Law .,938
"Digital Visual Interface ( DVI ) ,",940
"( DVI ) ,",940
DVI,940
Digital Visual Interface ( DVI ) port,940
Oxide Semiconductor ( LDMOS ) trans,942
( LDMOS ) trans,942
Direct Current ( DC ) power,944
Current ( DC ) power,944
( DC ) power,944
HTTPS .,945
"Hypertext Transfer Protocol ( HTTP ) ,",945
"( e . g . , HTTP ) .",945
Hypertext Transfer Protocol ( HTTP ) requests,945
HTTPs,945
HTTPS,945
HTTP .,945
HTTP,945
( HTTPS ) .,945
Hypertext Transfer Protocol ( HTTP ) or,945
Hypertext Transfer Protocol ( HTTP ) in,945
Data Center .,946
Data Centers,946
Data Center,946
FAA .,947
"Federal Aviation Administration ( FAA ) in the United States ,",947
Federal Aviation Administration ( FAA ) standards,947
FAA,947
JSR Corporation .,948
JSR Corporation,948
( JSR Corporation ) .,948
CVD ( SACVD ) process,949
CVD ( SACVD ) processes,949
U . S . Patent Application Publication,950
U . S . Patent Application Publications,950
AFCI .,953
( AFCI ) /,953
"( AFCI ) ,",953
AFCI,953
AFCIs,953
"Helium ( He ) ,",954
Helium .,954
Helium,954
"Silicate Glass ( BPSG ) ,",956
BPSG,956
Borophosphorosilicate Glass ( BPSG ) .,956
"Glass ( BPSG ) ,",956
BIOS,958
BIOS .,958
System ( BIOS ) or,958
( CMP ) steps,959
( CMP ) step,959
Chemical Mechanical Polishing ( CMP ) step,959
Chemical Mechanical Polish ( CMP ) step,959
( HRTEM ) image,961
HRTEM,961
( HRTEM ) images,961
Sodium Borohydride ( NaBH4 ) specifically,962
NaBH4 .,962
NaBH4,962
( AMHS ) that,963
AMHS,963
"Automated Material Handling System ( AMHS ) ,",963
( AMHS ) .,963
( AMHS ) have,963
AMHSs,963
AMHS .,963
"( AMHS ) ,",963
RS - 422,966
RS - 422 .,966
RS - 422 can,966
( like RS - 422 ) .,966
BTLE,967
Energy ( BTLE ) .,967
Energy ( BTLE ) to,967
Energy ( BTLE ) trans,967
( MRAM ) cell,968
( MRAM ) cells,968
Fremont Calif .,970
Fremont,970
Ketjenblack .,974
Ketjenblack ( KB ) and,974
Ketjenblack®,974
"( Ketjenblack ) ,",974
Ketjenblack,974
LRA,976
Actuators ( LRAs ) are,976
"Linear Resonant Actuators ( LRAs ) ,",976
LRA .,976
Linear Resonant Actuator ( LRA ) in,976
LRAs,976
"Linear Resonant Actuator ( LRA ) ,",976
CRAC .,978
( CRAC ) or,978
CRAC,978
Hertz ( Hz ) to,980
Hertz ( Hz ) for,980
Hertz .,980
Hertz,980
Hertz ( Hz ) or,980
"Hertz ( Hz ) ,",980
Hertz ( Hz ) .,980
Hertz ( Hz ) and,980
OLED1 .,981
( OLED1 ) may,981
OLED1,981
( OLED1 ) .,981
( 3D SICs ) having,982
3D SIC .,982
3D SIC,982
3D SICs,982
"( PLCC ) ,",984
PLCC,984
"Plastic Leaded Chip Carrier ( PLCC ) ,",984
Balun,986
Balun .,986
Baluns,986
AMAZON®,988
( AMAZON® ) .,988
AMAZON,988
"BLACK DIAMOND® ( Applied Materials of Santa Clara , Calif . ) ,",990
Black Diamond™ ( available from Applied Materials ) and,990
"Black Diamond® ( Applied Materials of Santa Clara , Calif . ) ,",990
"Black Diamond ( a registered trademark of Applied Materials ) ,",990
"BLACK DIAMOND ( a product of Applied Materials of Santa Clara , Calif . ) ,",990
Visual Basic,992
Visual Basic . NET,992
Visual Basic Script,992
Visual Basic®,992
Visual Basic™,992
Fourier Transform ( FT ) algorithm,996
Fourier Transform ( FT ) .,996
Fourier Transformation,996
Fourier Transform,996
Fourier Transform .,996
Fourier Transforms,996
Intel Corporation of America,999
Intel Corporation,999
Intel Corporation .,999
